WorkloadId,Status,Instance,Region,Mode,Created,Completed,QPU,Usage (seconds),User,Tags,Account
d90rf4eu9n7c73alkb2g,completed,crn:v1:bluemix:public:quantum-computing:us-east:a/c2feb85ac64d4953a10b5699d17bc730:5d86c230-5de6-45a0-9dd7-f42dfa8cbbf2::,us-east,job,2026-06-29T00:08:49.283Z,2026-06-29T00:20:59.439Z,ibm_fez,5,Óscar Boullosa Dapena,,c2feb85ac64d4953a10b5699d17bc730
d8o51232d42s73cekvqg,completed,crn:v1:bluemix:public:quantum-computing:us-east:a/c2feb85ac64d4953a10b5699d17bc730:5d86c230-5de6-45a0-9dd7-f42dfa8cbbf2::,us-east,job,2026-06-15T19:20:40.366Z,2026-06-15T19:29:10.151Z,ibm_fez,5,Óscar Boullosa Dapena,,c2feb85ac64d4953a10b5699d17bc730
d8o303832u0s73fd5f0g,completed,crn:v1:bluemix:public:quantum-computing:us-east:a/c2feb85ac64d4953a10b5699d17bc730:5d86c230-5de6-45a0-9dd7-f42dfa8cbbf2::,us-east,job,2026-06-15T17:02:05.806Z,2026-06-15T17:09:43.779Z,ibm_marrakesh,3,Óscar Boullosa Dapena,,c2feb85ac64d4953a10b5699d17bc730
d8nf6vjnn5bs738uhfo0,completed,crn:v1:bluemix:public:quantum-computing:us-east:a/c2feb85ac64d4953a10b5699d17bc730:5d86c230-5de6-45a0-9dd7-f42dfa8cbbf2::,us-east,job,2026-06-14T18:31:26.101Z,2026-06-14T18:33:29.510Z,ibm_fez,111,Óscar Boullosa Dapena,,c2feb85ac64d4953a10b5699d17bc730
d8nesmo32u0s73fcc3k0,completed,crn:v1:bluemix:public:quantum-computing:us-east:a/c2feb85ac64d4953a10b5699d17bc730:5d86c230-5de6-45a0-9dd7-f42dfa8cbbf2::,us-east,job,2026-06-14T18:09:32.005Z,2026-06-14T18:13:41.139Z,ibm_fez,219,Óscar Boullosa Dapena,,c2feb85ac64d4953a10b5699d17bc730
d8neqmb2d42s73cdpbeg,completed,crn:v1:bluemix:public:quantum-computing:us-east:a/c2feb85ac64d4953a10b5699d17bc730:5d86c230-5de6-45a0-9dd7-f42dfa8cbbf2::,us-east,job,2026-06-14T18:05:13.650Z,2026-06-14T18:09:24.976Z,ibm_fez,219,Óscar Boullosa Dapena,,c2feb85ac64d4953a10b5699d17bc730
d8neqir2d42s73cdpb9g,completed,crn:v1:bluemix:public:quantum-computing:us-east:a/c2feb85ac64d4953a10b5699d17bc730:5d86c230-5de6-45a0-9dd7-f42dfa8cbbf2::,us-east,job,2026-06-14T18:04:59.547Z,2026-06-14T18:05:07.551Z,ibm_fez,4,Óscar Boullosa Dapena,,c2feb85ac64d4953a10b5699d17bc730
d8nepv032u0s73fcc0mg,completed,crn:v1:bluemix:public:quantum-computing:us-east:a/c2feb85ac64d4953a10b5699d17bc730:5d86c230-5de6-45a0-9dd7-f42dfa8cbbf2::,us-east,job,2026-06-14T18:03:40.771Z,2026-06-14T18:03:48.109Z,ibm_fez,4,Óscar Boullosa Dapena,,c2feb85ac64d4953a10b5699d17bc730
d8nep632d42s73cdp9pg,completed,crn:v1:bluemix:public:quantum-computing:us-east:a/c2feb85ac64d4953a10b5699d17bc730:5d86c230-5de6-45a0-9dd7-f42dfa8cbbf2::,us-east,job,2026-06-14T18:02:01.006Z,2026-06-14T18:02:08.742Z,ibm_fez,4,Óscar Boullosa Dapena,,c2feb85ac64d4953a10b5699d17bc730
d925lheu9n7c73anqf0g,completed,crn:v1:bluemix:public:quantum-computing:us-east:a/b5535e3e7f794fd59355a54d9ce04c27:070e9ba3-67ef-463a-b24d-159489bab394::,us-east,job,2026-07-01T00:09:41.288Z,2026-07-01T00:09:50.355Z,ibm_fez,3,Óscar Dapena,,b5535e3e7f794fd59355a54d9ce04c27
d925ldb57qjs73b7eg5g,completed,crn:v1:bluemix:public:quantum-computing:us-east:a/b5535e3e7f794fd59355a54d9ce04c27:070e9ba3-67ef-463a-b24d-159489bab394::,us-east,job,2026-07-01T00:09:25.881Z,2026-07-01T00:09:39.927Z,ibm_fez,3,Óscar Dapena,,b5535e3e7f794fd59355a54d9ce04c27
d91t06fccmks73d5qh4g,completed,crn:v1:bluemix:public:quantum-computing:us-east:a/b5535e3e7f794fd59355a54d9ce04c27:070e9ba3-67ef-463a-b24d-159489bab394::,us-east,job,2026-06-30T14:18:02.156Z,2026-07-01T00:09:23.871Z,ibm_fez,3,Óscar Dapena,,b5535e3e7f794fd59355a54d9ce04c27
d915dcvccmks73d4f2o0,completed,crn:v1:bluemix:public:quantum-computing:us-east:a/b5535e3e7f794fd59355a54d9ce04c27:070e9ba3-67ef-463a-b24d-159489bab394::,us-east,job,2026-06-29T11:27:47.659Z,2026-06-29T11:46:51.211Z,ibm_fez,3,Óscar Dapena,,b5535e3e7f794fd59355a54d9ce04c27
d915cneu9n7c73am155g,completed,crn:v1:bluemix:public:quantum-computing:us-east:a/b5535e3e7f794fd59355a54d9ce04c27:070e9ba3-67ef-463a-b24d-159489bab394::,us-east,job,2026-06-29T11:26:21.081Z,2026-06-29T11:26:56.314Z,ibm_fez,3,Óscar Dapena,,b5535e3e7f794fd59355a54d9ce04c27
d914kh7ccmks73d4e4sg,completed,crn:v1:bluemix:public:quantum-computing:us-east:a/b5535e3e7f794fd59355a54d9ce04c27:070e9ba3-67ef-463a-b24d-159489bab394::,us-east,job,2026-06-29T10:34:44.283Z,2026-06-29T10:35:25.516Z,ibm_fez,8,Óscar Dapena,,b5535e3e7f794fd59355a54d9ce04c27
d914k6357qjs73b5kmn0,completed,crn:v1:bluemix:public:quantum-computing:us-east:a/b5535e3e7f794fd59355a54d9ce04c27:070e9ba3-67ef-463a-b24d-159489bab394::,us-east,job,2026-06-29T10:34:01.071Z,2026-06-29T10:34:40.172Z,ibm_fez,29,Óscar Dapena,,b5535e3e7f794fd59355a54d9ce04c27
d910osb57qjs73b5esgg,completed,crn:v1:bluemix:public:quantum-computing:us-east:a/b5535e3e7f794fd59355a54d9ce04c27:070e9ba3-67ef-463a-b24d-159489bab394::,us-east,job,2026-06-29T06:10:57.956Z,2026-06-29T09:16:53.804Z,ibm_fez,5,Óscar Dapena,,b5535e3e7f794fd59355a54d9ce04c27
d8tcf5lposuc738oh5eg,completed,crn:v1:bluemix:public:quantum-computing:us-east:a/b5535e3e7f794fd59355a54d9ce04c27:070e9ba3-67ef-463a-b24d-159489bab394::,us-east,job,2026-06-23T17:51:18.826Z,2026-06-23T17:55:14.663Z,ibm_fez,5,Óscar Dapena,,b5535e3e7f794fd59355a54d9ce04c27
d8rpa3mab0ds73drvdjg,completed,crn:v1:bluemix:public:quantum-computing:us-east:a/b5535e3e7f794fd59355a54d9ce04c27:070e9ba3-67ef-463a-b24d-159489bab394::,us-east,job,2026-06-21T07:38:54.466Z,2026-06-21T07:39:03.571Z,ibm_fez,5,Óscar Dapena,,b5535e3e7f794fd59355a54d9ce04c27
d8rp6eq01fac73d4k73g,completed,crn:v1:bluemix:public:quantum-computing:us-east:a/b5535e3e7f794fd59355a54d9ce04c27:070e9ba3-67ef-463a-b24d-159489bab394::,us-east,job,2026-06-21T07:31:08.047Z,2026-06-21T07:31:19.806Z,ibm_fez,5,Óscar Dapena,,b5535e3e7f794fd59355a54d9ce04c27
d8r3cjq01fac73d3rgug,completed,crn:v1:bluemix:public:quantum-computing:us-east:a/b5535e3e7f794fd59355a54d9ce04c27:070e9ba3-67ef-463a-b24d-159489bab394::,us-east,job,2026-06-20T06:42:24.121Z,2026-06-20T06:42:30.217Z,ibm_fez,3,Óscar Dapena,,b5535e3e7f794fd59355a54d9ce04c27
d8r1ro6kodhs7383svb0,completed,crn:v1:bluemix:public:quantum-computing:us-east:a/b5535e3e7f794fd59355a54d9ce04c27:070e9ba3-67ef-463a-b24d-159489bab394::,us-east,job,2026-06-20T04:58:09.153Z,2026-06-20T04:58:15.866Z,ibm_fez,2,Óscar Dapena,,b5535e3e7f794fd59355a54d9ce04c27
d8qo05a01fac73d3e8tg,completed,crn:v1:bluemix:public:quantum-computing:us-east:a/b5535e3e7f794fd59355a54d9ce04c27:070e9ba3-67ef-463a-b24d-159489bab394::,us-east,job,2026-06-19T17:44:53.889Z,2026-06-19T19:14:08.834Z,ibm_fez,2,Óscar Dapena,,b5535e3e7f794fd59355a54d9ce04c27
d8qn0k6ab0ds73dqomc0,completed,crn:v1:bluemix:public:quantum-computing:us-east:a/b5535e3e7f794fd59355a54d9ce04c27:070e9ba3-67ef-463a-b24d-159489bab394::,us-east,job,2026-06-19T16:37:36.084Z,2026-06-19T19:14:08.105Z,ibm_fez,2,Óscar Dapena,,b5535e3e7f794fd59355a54d9ce04c27
d8psn2ekodhs7382b6sg,completed,crn:v1:bluemix:public:quantum-computing:us-east:a/b5535e3e7f794fd59355a54d9ce04c27:070e9ba3-67ef-463a-b24d-159489bab394::,us-east,job,2026-06-18T10:42:17.541Z,2026-06-18T10:42:23.000Z,ibm_marrakesh,3,Óscar Dapena,,b5535e3e7f794fd59355a54d9ce04c27
d8psn0ukodhs7382b6pg,completed,crn:v1:bluemix:public:quantum-computing:us-east:a/b5535e3e7f794fd59355a54d9ce04c27:070e9ba3-67ef-463a-b24d-159489bab394::,us-east,job,2026-06-18T10:42:11.232Z,2026-06-18T10:42:16.033Z,ibm_marrakesh,3,Óscar Dapena,,b5535e3e7f794fd59355a54d9ce04c27
d8psmv6gbcrc73f2gprg,completed,crn:v1:bluemix:public:quantum-computing:us-east:a/b5535e3e7f794fd59355a54d9ce04c27:070e9ba3-67ef-463a-b24d-159489bab394::,us-east,job,2026-06-18T10:42:04.901Z,2026-06-18T10:42:09.766Z,ibm_marrakesh,3,Óscar Dapena,,b5535e3e7f794fd59355a54d9ce04c27
d8psmta01fac73d271eg,completed,crn:v1:bluemix:public:quantum-computing:us-east:a/b5535e3e7f794fd59355a54d9ce04c27:070e9ba3-67ef-463a-b24d-159489bab394::,us-east,job,2026-06-18T10:41:57.845Z,2026-06-18T10:42:03.588Z,ibm_marrakesh,3,Óscar Dapena,,b5535e3e7f794fd59355a54d9ce04c27
d8psmrmkodhs7382b6i0,completed,crn:v1:bluemix:public:quantum-computing:us-east:a/b5535e3e7f794fd59355a54d9ce04c27:070e9ba3-67ef-463a-b24d-159489bab394::,us-east,job,2026-06-18T10:41:50.673Z,2026-06-18T10:41:55.938Z,ibm_marrakesh,3,Óscar Dapena,,b5535e3e7f794fd59355a54d9ce04c27
d8psmq6gbcrc73f2gpkg,completed,crn:v1:bluemix:public:quantum-computing:us-east:a/b5535e3e7f794fd59355a54d9ce04c27:070e9ba3-67ef-463a-b24d-159489bab394::,us-east,job,2026-06-18T10:41:44.083Z,2026-06-18T10:41:49.262Z,ibm_marrakesh,3,Óscar Dapena,,b5535e3e7f794fd59355a54d9ce04c27
d8psmo6ab0ds73dpiqtg,completed,crn:v1:bluemix:public:quantum-computing:us-east:a/b5535e3e7f794fd59355a54d9ce04c27:070e9ba3-67ef-463a-b24d-159489bab394::,us-east,job,2026-06-18T10:41:36.100Z,2026-06-18T10:41:41.770Z,ibm_marrakesh,3,Óscar Dapena,,b5535e3e7f794fd59355a54d9ce04c27
d8psmmeab0ds73dpiqs0,completed,crn:v1:bluemix:public:quantum-computing:us-east:a/b5535e3e7f794fd59355a54d9ce04c27:070e9ba3-67ef-463a-b24d-159489bab394::,us-east,job,2026-06-18T10:41:29.089Z,2026-06-18T10:41:34.718Z,ibm_marrakesh,3,Óscar Dapena,,b5535e3e7f794fd59355a54d9ce04c27
d8psmka01fac73d2712g,completed,crn:v1:bluemix:public:quantum-computing:us-east:a/b5535e3e7f794fd59355a54d9ce04c27:070e9ba3-67ef-463a-b24d-159489bab394::,us-east,job,2026-06-18T10:41:21.880Z,2026-06-18T10:41:27.195Z,ibm_marrakesh,3,Óscar Dapena,,b5535e3e7f794fd59355a54d9ce04c27
d8psmimgbcrc73f2gp90,completed,crn:v1:bluemix:public:quantum-computing:us-east:a/b5535e3e7f794fd59355a54d9ce04c27:070e9ba3-67ef-463a-b24d-159489bab394::,us-east,job,2026-06-18T10:41:14.705Z,2026-06-18T10:41:20.334Z,ibm_marrakesh,3,Óscar Dapena,,b5535e3e7f794fd59355a54d9ce04c27
d8pgl56gbcrc73f215b0,completed,crn:v1:bluemix:public:quantum-computing:us-east:a/b5535e3e7f794fd59355a54d9ce04c27:070e9ba3-67ef-463a-b24d-159489bab394::,us-east,job,2026-06-17T20:59:00.696Z,2026-06-17T20:59:09.185Z,ibm_marrakesh,3,Óscar Dapena,,b5535e3e7f794fd59355a54d9ce04c27
d8pgl0q01fac73d1nc70,completed,crn:v1:bluemix:public:quantum-computing:us-east:a/b5535e3e7f794fd59355a54d9ce04c27:070e9ba3-67ef-463a-b24d-159489bab394::,us-east,job,2026-06-17T20:58:43.637Z,2026-06-17T20:58:58.619Z,ibm_marrakesh,3,Óscar Dapena,,b5535e3e7f794fd59355a54d9ce04c27
d8pgkv6ab0ds73dp36ng,completed,crn:v1:bluemix:public:quantum-computing:us-east:a/b5535e3e7f794fd59355a54d9ce04c27:070e9ba3-67ef-463a-b24d-159489bab394::,us-east,job,2026-06-17T20:58:36.887Z,2026-06-17T20:58:41.743Z,ibm_marrakesh,3,Óscar Dapena,,b5535e3e7f794fd59355a54d9ce04c27
d8pgkt6gbcrc73f214rg,completed,crn:v1:bluemix:public:quantum-computing:us-east:a/b5535e3e7f794fd59355a54d9ce04c27:070e9ba3-67ef-463a-b24d-159489bab394::,us-east,job,2026-06-17T20:58:29.024Z,2026-06-17T20:58:34.637Z,ibm_marrakesh,3,Óscar Dapena,,b5535e3e7f794fd59355a54d9ce04c27
d8pgkr6kodhs7381rfl0,completed,crn:v1:bluemix:public:quantum-computing:us-east:a/b5535e3e7f794fd59355a54d9ce04c27:070e9ba3-67ef-463a-b24d-159489bab394::,us-east,job,2026-06-17T20:58:20.997Z,2026-06-17T20:58:26.848Z,ibm_marrakesh,3,Óscar Dapena,,b5535e3e7f794fd59355a54d9ce04c27
d8pgkpmgbcrc73f214j0,completed,crn:v1:bluemix:public:quantum-computing:us-east:a/b5535e3e7f794fd59355a54d9ce04c27:070e9ba3-67ef-463a-b24d-159489bab394::,us-east,job,2026-06-17T20:58:14.069Z,2026-06-17T20:58:18.995Z,ibm_marrakesh,3,Óscar Dapena,,b5535e3e7f794fd59355a54d9ce04c27
d8pgknukodhs7381rfbg,completed,crn:v1:bluemix:public:quantum-computing:us-east:a/b5535e3e7f794fd59355a54d9ce04c27:070e9ba3-67ef-463a-b24d-159489bab394::,us-east,job,2026-06-17T20:58:07.095Z,2026-06-17T20:58:12.081Z,ibm_marrakesh,3,Óscar Dapena,,b5535e3e7f794fd59355a54d9ce04c27
d8pgklukodhs7381rf8g,completed,crn:v1:bluemix:public:quantum-computing:us-east:a/b5535e3e7f794fd59355a54d9ce04c27:070e9ba3-67ef-463a-b24d-159489bab394::,us-east,job,2026-06-17T20:57:59.561Z,2026-06-17T20:58:04.737Z,ibm_marrakesh,3,Óscar Dapena,,b5535e3e7f794fd59355a54d9ce04c27
d8pgkk6kodhs7381rf40,completed,crn:v1:bluemix:public:quantum-computing:us-east:a/b5535e3e7f794fd59355a54d9ce04c27:070e9ba3-67ef-463a-b24d-159489bab394::,us-east,job,2026-06-17T20:57:52.272Z,2026-06-17T20:57:57.511Z,ibm_marrakesh,3,Óscar Dapena,,b5535e3e7f794fd59355a54d9ce04c27
d8pgkhuab0ds73dp35p0,completed,crn:v1:bluemix:public:quantum-computing:us-east:a/b5535e3e7f794fd59355a54d9ce04c27:070e9ba3-67ef-463a-b24d-159489bab394::,us-east,job,2026-06-17T20:57:43.554Z,2026-06-17T20:57:49.984Z,ibm_marrakesh,3,Óscar Dapena,,b5535e3e7f794fd59355a54d9ce04c27
d8pgddmab0ds73dp2ls0,completed,crn:v1:bluemix:public:quantum-computing:us-east:a/b5535e3e7f794fd59355a54d9ce04c27:070e9ba3-67ef-463a-b24d-159489bab394::,us-east,job,2026-06-17T20:42:30.526Z,2026-06-17T20:42:36.126Z,ibm_marrakesh,3,Óscar Dapena,,b5535e3e7f794fd59355a54d9ce04c27
d8pgdbq01fac73d1mrl0,completed,crn:v1:bluemix:public:quantum-computing:us-east:a/b5535e3e7f794fd59355a54d9ce04c27:070e9ba3-67ef-463a-b24d-159489bab394::,us-east,job,2026-06-17T20:42:23.099Z,2026-06-17T20:42:28.411Z,ibm_marrakesh,3,Óscar Dapena,,b5535e3e7f794fd59355a54d9ce04c27
d8pgd9uab0ds73dp2ll0,completed,crn:v1:bluemix:public:quantum-computing:us-east:a/b5535e3e7f794fd59355a54d9ce04c27:070e9ba3-67ef-463a-b24d-159489bab394::,us-east,job,2026-06-17T20:42:15.655Z,2026-06-17T20:42:20.549Z,ibm_marrakesh,3,Óscar Dapena,,b5535e3e7f794fd59355a54d9ce04c27
d8pgd86gbcrc73f20jd0,completed,crn:v1:bluemix:public:quantum-computing:us-east:a/b5535e3e7f794fd59355a54d9ce04c27:070e9ba3-67ef-463a-b24d-159489bab394::,us-east,job,2026-06-17T20:42:08.775Z,2026-06-17T20:42:13.498Z,ibm_marrakesh,3,Óscar Dapena,,b5535e3e7f794fd59355a54d9ce04c27
d8pgd6eab0ds73dp2leg,completed,crn:v1:bluemix:public:quantum-computing:us-east:a/b5535e3e7f794fd59355a54d9ce04c27:070e9ba3-67ef-463a-b24d-159489bab394::,us-east,job,2026-06-17T20:42:01.204Z,2026-06-17T20:42:06.432Z,ibm_marrakesh,3,Óscar Dapena,,b5535e3e7f794fd59355a54d9ce04c27
d8pgd4egbcrc73f20j4g,completed,crn:v1:bluemix:public:quantum-computing:us-east:a/b5535e3e7f794fd59355a54d9ce04c27:070e9ba3-67ef-463a-b24d-159489bab394::,us-east,job,2026-06-17T20:41:53.858Z,2026-06-17T20:41:59.185Z,ibm_marrakesh,3,Óscar Dapena,,b5535e3e7f794fd59355a54d9ce04c27
d8pgd2i01fac73d1mr20,completed,crn:v1:bluemix:public:quantum-computing:us-east:a/b5535e3e7f794fd59355a54d9ce04c27:070e9ba3-67ef-463a-b24d-159489bab394::,us-east,job,2026-06-17T20:41:46.334Z,2026-06-17T20:41:51.448Z,ibm_marrakesh,3,Óscar Dapena,,b5535e3e7f794fd59355a54d9ce04c27
d8pgchmab0ds73dp2k3g,completed,crn:v1:bluemix:public:quantum-computing:us-east:a/b5535e3e7f794fd59355a54d9ce04c27:070e9ba3-67ef-463a-b24d-159489bab394::,us-east,job,2026-06-17T20:40:38.477Z,2026-06-17T20:41:43.885Z,ibm_marrakesh,3,Óscar Dapena,,b5535e3e7f794fd59355a54d9ce04c27
d8pgcemgbcrc73f20i0g,completed,crn:v1:bluemix:public:quantum-computing:us-east:a/b5535e3e7f794fd59355a54d9ce04c27:070e9ba3-67ef-463a-b24d-159489bab394::,us-east,job,2026-06-17T20:40:26.419Z,2026-06-17T20:40:35.473Z,ibm_marrakesh,3,Óscar Dapena,,b5535e3e7f794fd59355a54d9ce04c27
d8pgc76gbcrc73f20hk0,completed,crn:v1:bluemix:public:quantum-computing:us-east:a/b5535e3e7f794fd59355a54d9ce04c27:070e9ba3-67ef-463a-b24d-159489bab394::,us-east,job,2026-06-17T20:39:57.031Z,2026-06-17T20:40:24.004Z,ibm_marrakesh,3,Óscar Dapena,,b5535e3e7f794fd59355a54d9ce04c27
d8pg80uab0ds73dp2da0,completed,crn:v1:bluemix:public:quantum-computing:us-east:a/b5535e3e7f794fd59355a54d9ce04c27:070e9ba3-67ef-463a-b24d-159489bab394::,us-east,job,2026-06-17T20:30:59.898Z,2026-06-17T20:31:05.756Z,ibm_marrakesh,3,Óscar Dapena,,b5535e3e7f794fd59355a54d9ce04c27
d8pg7vekodhs7381qmjg,completed,crn:v1:bluemix:public:quantum-computing:us-east:a/b5535e3e7f794fd59355a54d9ce04c27:070e9ba3-67ef-463a-b24d-159489bab394::,us-east,job,2026-06-17T20:30:53.236Z,2026-06-17T20:30:58.246Z,ibm_marrakesh,3,Óscar Dapena,,b5535e3e7f794fd59355a54d9ce04c27
d8pg7tmab0ds73dp2d4g,completed,crn:v1:bluemix:public:quantum-computing:us-east:a/b5535e3e7f794fd59355a54d9ce04c27:070e9ba3-67ef-463a-b24d-159489bab394::,us-east,job,2026-06-17T20:30:46.119Z,2026-06-17T20:30:51.439Z,ibm_marrakesh,3,Óscar Dapena,,b5535e3e7f794fd59355a54d9ce04c27
d8pg7ri01fac73d1mj50,completed,crn:v1:bluemix:public:quantum-computing:us-east:a/b5535e3e7f794fd59355a54d9ce04c27:070e9ba3-67ef-463a-b24d-159489bab394::,us-east,job,2026-06-17T20:30:38.536Z,2026-06-17T20:30:44.212Z,ibm_marrakesh,3,Óscar Dapena,,b5535e3e7f794fd59355a54d9ce04c27
d8pg7pmab0ds73dp2cv0,completed,crn:v1:bluemix:public:quantum-computing:us-east:a/b5535e3e7f794fd59355a54d9ce04c27:070e9ba3-67ef-463a-b24d-159489bab394::,us-east,job,2026-06-17T20:30:30.891Z,2026-06-17T20:30:36.860Z,ibm_marrakesh,3,Óscar Dapena,,b5535e3e7f794fd59355a54d9ce04c27
d8pg7o6kodhs7381qmcg,completed,crn:v1:bluemix:public:quantum-computing:us-east:a/b5535e3e7f794fd59355a54d9ce04c27:070e9ba3-67ef-463a-b24d-159489bab394::,us-east,job,2026-06-17T20:30:24.502Z,2026-06-17T20:30:29.487Z,ibm_marrakesh,3,Óscar Dapena,,b5535e3e7f794fd59355a54d9ce04c27
d8pg7ma01fac73d1mivg,completed,crn:v1:bluemix:public:quantum-computing:us-east:a/b5535e3e7f794fd59355a54d9ce04c27:070e9ba3-67ef-463a-b24d-159489bab394::,us-east,job,2026-06-17T20:30:17.713Z,2026-06-17T20:30:23.018Z,ibm_marrakesh,3,Óscar Dapena,,b5535e3e7f794fd59355a54d9ce04c27
d8pg7keab0ds73dp2cq0,completed,crn:v1:bluemix:public:quantum-computing:us-east:a/b5535e3e7f794fd59355a54d9ce04c27:070e9ba3-67ef-463a-b24d-159489bab394::,us-east,job,2026-06-17T20:30:10.011Z,2026-06-17T20:30:16.247Z,ibm_marrakesh,3,Óscar Dapena,,b5535e3e7f794fd59355a54d9ce04c27
d8pg7ii01fac73d1miqg,completed,crn:v1:bluemix:public:quantum-computing:us-east:a/b5535e3e7f794fd59355a54d9ce04c27:070e9ba3-67ef-463a-b24d-159489bab394::,us-east,job,2026-06-17T20:30:02.275Z,2026-06-17T20:30:08.140Z,ibm_marrakesh,3,Óscar Dapena,,b5535e3e7f794fd59355a54d9ce04c27
d8pg7gmkodhs7381qm40,completed,crn:v1:bluemix:public:quantum-computing:us-east:a/b5535e3e7f794fd59355a54d9ce04c27:070e9ba3-67ef-463a-b24d-159489bab394::,us-east,job,2026-06-17T20:29:54.238Z,2026-06-17T20:30:00.417Z,ibm_marrakesh,3,Óscar Dapena,,b5535e3e7f794fd59355a54d9ce04c27
d8pg44q01fac73d1mf5g,completed,crn:v1:bluemix:public:quantum-computing:us-east:a/b5535e3e7f794fd59355a54d9ce04c27:070e9ba3-67ef-463a-b24d-159489bab394::,us-east,job,2026-06-17T20:22:43.730Z,2026-06-17T20:22:49.963Z,ibm_marrakesh,3,Óscar Dapena,,b5535e3e7f794fd59355a54d9ce04c27
d8pg436ab0ds73dp2930,completed,crn:v1:bluemix:public:quantum-computing:us-east:a/b5535e3e7f794fd59355a54d9ce04c27:070e9ba3-67ef-463a-b24d-159489bab394::,us-east,job,2026-06-17T20:22:36.984Z,2026-06-17T20:22:41.806Z,ibm_marrakesh,3,Óscar Dapena,,b5535e3e7f794fd59355a54d9ce04c27
d8pg41ekodhs7381qibg,completed,crn:v1:bluemix:public:quantum-computing:us-east:a/b5535e3e7f794fd59355a54d9ce04c27:070e9ba3-67ef-463a-b24d-159489bab394::,us-east,job,2026-06-17T20:22:29.987Z,2026-06-17T20:22:35.340Z,ibm_marrakesh,3,Óscar Dapena,,b5535e3e7f794fd59355a54d9ce04c27
d8pg3vmgbcrc73f206qg,completed,crn:v1:bluemix:public:quantum-computing:us-east:a/b5535e3e7f794fd59355a54d9ce04c27:070e9ba3-67ef-463a-b24d-159489bab394::,us-east,job,2026-06-17T20:22:22.756Z,2026-06-17T20:22:28.078Z,ibm_marrakesh,3,Óscar Dapena,,b5535e3e7f794fd59355a54d9ce04c27
d8pg3tuab0ds73dp28tg,completed,crn:v1:bluemix:public:quantum-computing:us-east:a/b5535e3e7f794fd59355a54d9ce04c27:070e9ba3-67ef-463a-b24d-159489bab394::,us-east,job,2026-06-17T20:22:15.419Z,2026-06-17T20:22:20.703Z,ibm_marrakesh,3,Óscar Dapena,,b5535e3e7f794fd59355a54d9ce04c27
d8pg3ruab0ds73dp28r0,completed,crn:v1:bluemix:public:quantum-computing:us-east:a/b5535e3e7f794fd59355a54d9ce04c27:070e9ba3-67ef-463a-b24d-159489bab394::,us-east,job,2026-06-17T20:22:07.865Z,2026-06-17T20:22:13.399Z,ibm_marrakesh,3,Óscar Dapena,,b5535e3e7f794fd59355a54d9ce04c27
d8pg3pugbcrc73f206jg,completed,crn:v1:bluemix:public:quantum-computing:us-east:a/b5535e3e7f794fd59355a54d9ce04c27:070e9ba3-67ef-463a-b24d-159489bab394::,us-east,job,2026-06-17T20:21:59.321Z,2026-06-17T20:22:05.739Z,ibm_marrakesh,3,Óscar Dapena,,b5535e3e7f794fd59355a54d9ce04c27
d8pg3heab0ds73dp28fg,completed,crn:v1:bluemix:public:quantum-computing:us-east:a/b5535e3e7f794fd59355a54d9ce04c27:070e9ba3-67ef-463a-b24d-159489bab394::,us-east,job,2026-06-17T20:21:25.993Z,2026-06-17T20:21:57.734Z,ibm_marrakesh,3,Óscar Dapena,,b5535e3e7f794fd59355a54d9ce04c27
d8pg3fmkodhs7381qhn0,completed,crn:v1:bluemix:public:quantum-computing:us-east:a/b5535e3e7f794fd59355a54d9ce04c27:070e9ba3-67ef-463a-b24d-159489bab394::,us-east,job,2026-06-17T20:21:19.022Z,2026-06-17T20:21:24.386Z,ibm_marrakesh,3,Óscar Dapena,,b5535e3e7f794fd59355a54d9ce04c27
d8pg3dukodhs7381qhkg,completed,crn:v1:bluemix:public:quantum-computing:us-east:a/b5535e3e7f794fd59355a54d9ce04c27:070e9ba3-67ef-463a-b24d-159489bab394::,us-east,job,2026-06-17T20:21:11.563Z,2026-06-17T20:21:17.706Z,ibm_marrakesh,3,Óscar Dapena,,b5535e3e7f794fd59355a54d9ce04c27
d8pg0qukodhs7381qef0,completed,crn:v1:bluemix:public:quantum-computing:us-east:a/b5535e3e7f794fd59355a54d9ce04c27:070e9ba3-67ef-463a-b24d-159489bab394::,us-east,job,2026-06-17T20:15:39.693Z,2026-06-17T20:15:44.904Z,ibm_marrakesh,3,Óscar Dapena,,b5535e3e7f794fd59355a54d9ce04c27
d8pg0ougbcrc73f20350,completed,crn:v1:bluemix:public:quantum-computing:us-east:a/b5535e3e7f794fd59355a54d9ce04c27:070e9ba3-67ef-463a-b24d-159489bab394::,us-east,job,2026-06-17T20:15:31.890Z,2026-06-17T20:15:37.708Z,ibm_marrakesh,3,Óscar Dapena,,b5535e3e7f794fd59355a54d9ce04c27
d8pg0n6ab0ds73dp2560,completed,crn:v1:bluemix:public:quantum-computing:us-east:a/b5535e3e7f794fd59355a54d9ce04c27:070e9ba3-67ef-463a-b24d-159489bab394::,us-east,job,2026-06-17T20:15:24.986Z,2026-06-17T20:15:30.216Z,ibm_marrakesh,3,Óscar Dapena,,b5535e3e7f794fd59355a54d9ce04c27
d8pg0li01fac73d1mb5g,completed,crn:v1:bluemix:public:quantum-computing:us-east:a/b5535e3e7f794fd59355a54d9ce04c27:070e9ba3-67ef-463a-b24d-159489bab394::,us-east,job,2026-06-17T20:15:18.671Z,2026-06-17T20:15:23.705Z,ibm_marrakesh,3,Óscar Dapena,,b5535e3e7f794fd59355a54d9ce04c27
d8pg0juab0ds73dp2520,completed,crn:v1:bluemix:public:quantum-computing:us-east:a/b5535e3e7f794fd59355a54d9ce04c27:070e9ba3-67ef-463a-b24d-159489bab394::,us-east,job,2026-06-17T20:15:11.700Z,2026-06-17T20:15:16.859Z,ibm_marrakesh,3,Óscar Dapena,,b5535e3e7f794fd59355a54d9ce04c27
d8pg0i6kodhs7381qe2g,completed,crn:v1:bluemix:public:quantum-computing:us-east:a/b5535e3e7f794fd59355a54d9ce04c27:070e9ba3-67ef-463a-b24d-159489bab394::,us-east,job,2026-06-17T20:15:04.837Z,2026-06-17T20:15:10.303Z,ibm_marrakesh,3,Óscar Dapena,,b5535e3e7f794fd59355a54d9ce04c27
d8pg0geab0ds73dp24t0,completed,crn:v1:bluemix:public:quantum-computing:us-east:a/b5535e3e7f794fd59355a54d9ce04c27:070e9ba3-67ef-463a-b24d-159489bab394::,us-east,job,2026-06-17T20:14:57.748Z,2026-06-17T20:15:03.584Z,ibm_marrakesh,3,Óscar Dapena,,b5535e3e7f794fd59355a54d9ce04c27
d8pg0emab0ds73dp24qg,completed,crn:v1:bluemix:public:quantum-computing:us-east:a/b5535e3e7f794fd59355a54d9ce04c27:070e9ba3-67ef-463a-b24d-159489bab394::,us-east,job,2026-06-17T20:14:50.706Z,2026-06-17T20:14:55.910Z,ibm_marrakesh,3,Óscar Dapena,,b5535e3e7f794fd59355a54d9ce04c27
d8pg0cukodhs7381qdr0,completed,crn:v1:bluemix:public:quantum-computing:us-east:a/b5535e3e7f794fd59355a54d9ce04c27:070e9ba3-67ef-463a-b24d-159489bab394::,us-east,job,2026-06-17T20:14:43.221Z,2026-06-17T20:14:48.792Z,ibm_marrakesh,3,Óscar Dapena,,b5535e3e7f794fd59355a54d9ce04c27
d8pg0b6kodhs7381qdpg,completed,crn:v1:bluemix:public:quantum-computing:us-east:a/b5535e3e7f794fd59355a54d9ce04c27:070e9ba3-67ef-463a-b24d-159489bab394::,us-east,job,2026-06-17T20:14:36.601Z,2026-06-17T20:14:41.768Z,ibm_marrakesh,3,Óscar Dapena,,b5535e3e7f794fd59355a54d9ce04c27
d8pft4ugbcrc73f1vsq0,completed,crn:v1:bluemix:public:quantum-computing:us-east:a/b5535e3e7f794fd59355a54d9ce04c27:070e9ba3-67ef-463a-b24d-159489bab394::,us-east,job,2026-06-17T20:07:47.350Z,2026-06-17T20:07:52.877Z,ibm_fez,3,Óscar Dapena,,b5535e3e7f794fd59355a54d9ce04c27
d8pft36gbcrc73f1vsng,completed,crn:v1:bluemix:public:quantum-computing:us-east:a/b5535e3e7f794fd59355a54d9ce04c27:070e9ba3-67ef-463a-b24d-159489bab394::,us-east,job,2026-06-17T20:07:40.260Z,2026-06-17T20:07:45.338Z,ibm_fez,3,Óscar Dapena,,b5535e3e7f794fd59355a54d9ce04c27
d8pft1egbcrc73f1vsl0,completed,crn:v1:bluemix:public:quantum-computing:us-east:a/b5535e3e7f794fd59355a54d9ce04c27:070e9ba3-67ef-463a-b24d-159489bab394::,us-east,job,2026-06-17T20:07:33.551Z,2026-06-17T20:07:38.664Z,ibm_fez,3,Óscar Dapena,,b5535e3e7f794fd59355a54d9ce04c27
d8pfsvmgbcrc73f1vsig,completed,crn:v1:bluemix:public:quantum-computing:us-east:a/b5535e3e7f794fd59355a54d9ce04c27:070e9ba3-67ef-463a-b24d-159489bab394::,us-east,job,2026-06-17T20:07:26.340Z,2026-06-17T20:07:31.997Z,ibm_fez,3,Óscar Dapena,,b5535e3e7f794fd59355a54d9ce04c27
d8pfstq01fac73d1m4kg,completed,crn:v1:bluemix:public:quantum-computing:us-east:a/b5535e3e7f794fd59355a54d9ce04c27:070e9ba3-67ef-463a-b24d-159489bab394::,us-east,job,2026-06-17T20:07:19.948Z,2026-06-17T20:07:24.892Z,ibm_fez,3,Óscar Dapena,,b5535e3e7f794fd59355a54d9ce04c27
d8pfssegbcrc73f1vseg,completed,crn:v1:bluemix:public:quantum-computing:us-east:a/b5535e3e7f794fd59355a54d9ce04c27:070e9ba3-67ef-463a-b24d-159489bab394::,us-east,job,2026-06-17T20:07:13.438Z,2026-06-17T20:07:18.435Z,ibm_fez,3,Óscar Dapena,,b5535e3e7f794fd59355a54d9ce04c27
d8pfsqekodhs7381q7e0,completed,crn:v1:bluemix:public:quantum-computing:us-east:a/b5535e3e7f794fd59355a54d9ce04c27:070e9ba3-67ef-463a-b24d-159489bab394::,us-east,job,2026-06-17T20:07:05.943Z,2026-06-17T20:07:11.586Z,ibm_fez,3,Óscar Dapena,,b5535e3e7f794fd59355a54d9ce04c27
d8pfsomkodhs7381q7c0,completed,crn:v1:bluemix:public:quantum-computing:us-east:a/b5535e3e7f794fd59355a54d9ce04c27:070e9ba3-67ef-463a-b24d-159489bab394::,us-east,job,2026-06-17T20:06:58.475Z,2026-06-17T20:07:03.679Z,ibm_fez,3,Óscar Dapena,,b5535e3e7f794fd59355a54d9ce04c27
d8pfrpmgbcrc73f1vr0g,completed,crn:v1:bluemix:public:quantum-computing:us-east:a/b5535e3e7f794fd59355a54d9ce04c27:070e9ba3-67ef-463a-b24d-159489bab394::,us-east,job,2026-06-17T20:04:55.044Z,2026-06-17T20:06:56.886Z,ibm_fez,3,Óscar Dapena,,b5535e3e7f794fd59355a54d9ce04c27
d8pfrnukodhs7381q5ug,completed,crn:v1:bluemix:public:quantum-computing:us-east:a/b5535e3e7f794fd59355a54d9ce04c27:070e9ba3-67ef-463a-b24d-159489bab394::,us-east,job,2026-06-17T20:04:47.551Z,2026-06-17T20:04:53.434Z,ibm_fez,3,Óscar Dapena,,b5535e3e7f794fd59355a54d9ce04c27
d8pfpqeab0ds73dp1qog,completed,crn:v1:bluemix:public:quantum-computing:us-east:a/b5535e3e7f794fd59355a54d9ce04c27:070e9ba3-67ef-463a-b24d-159489bab394::,us-east,job,2026-06-17T20:00:41.785Z,2026-06-17T20:00:46.975Z,ibm_fez,3,Óscar Dapena,,b5535e3e7f794fd59355a54d9ce04c27
d8pfpomkodhs7381q3q0,completed,crn:v1:bluemix:public:quantum-computing:us-east:a/b5535e3e7f794fd59355a54d9ce04c27:070e9ba3-67ef-463a-b24d-159489bab394::,us-east,job,2026-06-17T20:00:34.189Z,2026-06-17T20:00:39.521Z,ibm_fez,3,Óscar Dapena,,b5535e3e7f794fd59355a54d9ce04c27
d8pfpmmkodhs7381q3ng,completed,crn:v1:bluemix:public:quantum-computing:us-east:a/b5535e3e7f794fd59355a54d9ce04c27:070e9ba3-67ef-463a-b24d-159489bab394::,us-east,job,2026-06-17T20:00:26.280Z,2026-06-17T20:00:31.842Z,ibm_fez,3,Óscar Dapena,,b5535e3e7f794fd59355a54d9ce04c27
d8pfpkq01fac73d1m0kg,completed,crn:v1:bluemix:public:quantum-computing:us-east:a/b5535e3e7f794fd59355a54d9ce04c27:070e9ba3-67ef-463a-b24d-159489bab394::,us-east,job,2026-06-17T20:00:19.247Z,2026-06-17T20:00:24.632Z,ibm_fez,3,Óscar Dapena,,b5535e3e7f794fd59355a54d9ce04c27
d8pfpj201fac73d1m0i0,completed,crn:v1:bluemix:public:quantum-computing:us-east:a/b5535e3e7f794fd59355a54d9ce04c27:070e9ba3-67ef-463a-b24d-159489bab394::,us-east,job,2026-06-17T20:00:12.768Z,2026-06-17T20:00:17.880Z,ibm_fez,3,Óscar Dapena,,b5535e3e7f794fd59355a54d9ce04c27
d8pfphekodhs7381q3h0,completed,crn:v1:bluemix:public:quantum-computing:us-east:a/b5535e3e7f794fd59355a54d9ce04c27:070e9ba3-67ef-463a-b24d-159489bab394::,us-east,job,2026-06-17T20:00:05.524Z,2026-06-17T20:00:10.847Z,ibm_fez,3,Óscar Dapena,,b5535e3e7f794fd59355a54d9ce04c27
d8pfpfekodhs7381q3f0,completed,crn:v1:bluemix:public:quantum-computing:us-east:a/b5535e3e7f794fd59355a54d9ce04c27:070e9ba3-67ef-463a-b24d-159489bab394::,us-east,job,2026-06-17T19:59:57.590Z,2026-06-17T20:00:03.527Z,ibm_fez,3,Óscar Dapena,,b5535e3e7f794fd59355a54d9ce04c27
d8pfpdukodhs7381q3c0,completed,crn:v1:bluemix:public:quantum-computing:us-east:a/b5535e3e7f794fd59355a54d9ce04c27:070e9ba3-67ef-463a-b24d-159489bab394::,us-east,job,2026-06-17T19:59:51.249Z,2026-06-17T19:59:56.196Z,ibm_fez,3,Óscar Dapena,,b5535e3e7f794fd59355a54d9ce04c27
d8pfpbukodhs7381q390,completed,crn:v1:bluemix:public:quantum-computing:us-east:a/b5535e3e7f794fd59355a54d9ce04c27:070e9ba3-67ef-463a-b24d-159489bab394::,us-east,job,2026-06-17T19:59:43.586Z,2026-06-17T19:59:48.971Z,ibm_fez,3,Óscar Dapena,,b5535e3e7f794fd59355a54d9ce04c27
d8pfp96gbcrc73f1vo50,completed,crn:v1:bluemix:public:quantum-computing:us-east:a/b5535e3e7f794fd59355a54d9ce04c27:070e9ba3-67ef-463a-b24d-159489bab394::,us-east,job,2026-06-17T19:59:33.051Z,2026-06-17T19:59:41.703Z,ibm_fez,3,Óscar Dapena,,b5535e3e7f794fd59355a54d9ce04c27
d8pfn1q01fac73d1ltt0,completed,crn:v1:bluemix:public:quantum-computing:us-east:a/b5535e3e7f794fd59355a54d9ce04c27:070e9ba3-67ef-463a-b24d-159489bab394::,us-east,job,2026-06-17T19:54:47.314Z,2026-06-17T19:54:52.651Z,ibm_fez,3,Óscar Dapena,,b5535e3e7f794fd59355a54d9ce04c27
d8pfmvuab0ds73dp1nog,completed,crn:v1:bluemix:public:quantum-computing:us-east:a/b5535e3e7f794fd59355a54d9ce04c27:070e9ba3-67ef-463a-b24d-159489bab394::,us-east,job,2026-06-17T19:54:39.960Z,2026-06-17T19:54:45.450Z,ibm_fez,3,Óscar Dapena,,b5535e3e7f794fd59355a54d9ce04c27
d8pfmu6kodhs7381q0j0,completed,crn:v1:bluemix:public:quantum-computing:us-east:a/b5535e3e7f794fd59355a54d9ce04c27:070e9ba3-67ef-463a-b24d-159489bab394::,us-east,job,2026-06-17T19:54:32.327Z,2026-06-17T19:54:38.123Z,ibm_fez,3,Óscar Dapena,,b5535e3e7f794fd59355a54d9ce04c27
d8pfmnq01fac73d1ltg0,completed,crn:v1:bluemix:public:quantum-computing:us-east:a/b5535e3e7f794fd59355a54d9ce04c27:070e9ba3-67ef-463a-b24d-159489bab394::,us-east,job,2026-06-17T19:54:07.146Z,2026-06-17T19:54:30.348Z,ibm_fez,3,Óscar Dapena,,b5535e3e7f794fd59355a54d9ce04c27
d8pfmm6kodhs7381q080,completed,crn:v1:bluemix:public:quantum-computing:us-east:a/b5535e3e7f794fd59355a54d9ce04c27:070e9ba3-67ef-463a-b24d-159489bab394::,us-east,job,2026-06-17T19:54:00.872Z,2026-06-17T19:54:05.790Z,ibm_fez,3,Óscar Dapena,,b5535e3e7f794fd59355a54d9ce04c27
d8pfmkekodhs7381q05g,completed,crn:v1:bluemix:public:quantum-computing:us-east:a/b5535e3e7f794fd59355a54d9ce04c27:070e9ba3-67ef-463a-b24d-159489bab394::,us-east,job,2026-06-17T19:53:53.417Z,2026-06-17T19:53:58.622Z,ibm_fez,3,Óscar Dapena,,b5535e3e7f794fd59355a54d9ce04c27
d8pfmimgbcrc73f1vl9g,completed,crn:v1:bluemix:public:quantum-computing:us-east:a/b5535e3e7f794fd59355a54d9ce04c27:070e9ba3-67ef-463a-b24d-159489bab394::,us-east,job,2026-06-17T19:53:46.333Z,2026-06-17T19:53:51.409Z,ibm_fez,3,Óscar Dapena,,b5535e3e7f794fd59355a54d9ce04c27
d8pfmgmgbcrc73f1vl6g,completed,crn:v1:bluemix:public:quantum-computing:us-east:a/b5535e3e7f794fd59355a54d9ce04c27:070e9ba3-67ef-463a-b24d-159489bab394::,us-east,job,2026-06-17T19:53:38.510Z,2026-06-17T19:53:44.549Z,ibm_fez,3,Óscar Dapena,,b5535e3e7f794fd59355a54d9ce04c27
d8pfmemgbcrc73f1vl3g,completed,crn:v1:bluemix:public:quantum-computing:us-east:a/b5535e3e7f794fd59355a54d9ce04c27:070e9ba3-67ef-463a-b24d-159489bab394::,us-east,job,2026-06-17T19:53:30.993Z,2026-06-17T19:53:36.375Z,ibm_fez,3,Óscar Dapena,,b5535e3e7f794fd59355a54d9ce04c27
d8pfmci01fac73d1lt2g,completed,crn:v1:bluemix:public:quantum-computing:us-east:a/b5535e3e7f794fd59355a54d9ce04c27:070e9ba3-67ef-463a-b24d-159489bab394::,us-east,job,2026-06-17T19:53:22.710Z,2026-06-17T19:53:28.668Z,ibm_fez,3,Óscar Dapena,,b5535e3e7f794fd59355a54d9ce04c27
d8pfk6mab0ds73dp1kmg,completed,crn:v1:bluemix:public:quantum-computing:us-east:a/b5535e3e7f794fd59355a54d9ce04c27:070e9ba3-67ef-463a-b24d-159489bab394::,us-east,job,2026-06-17T19:48:42.527Z,2026-06-17T19:48:47.342Z,ibm_fez,3,Óscar Dapena,,b5535e3e7f794fd59355a54d9ce04c27
d8pfk4ukodhs7381pth0,completed,crn:v1:bluemix:public:quantum-computing:us-east:a/b5535e3e7f794fd59355a54d9ce04c27:070e9ba3-67ef-463a-b24d-159489bab394::,us-east,job,2026-06-17T19:48:35.165Z,2026-06-17T19:48:40.766Z,ibm_fez,3,Óscar Dapena,,b5535e3e7f794fd59355a54d9ce04c27
d8pfk1egbcrc73f1vii0,completed,crn:v1:bluemix:public:quantum-computing:us-east:a/b5535e3e7f794fd59355a54d9ce04c27:070e9ba3-67ef-463a-b24d-159489bab394::,us-east,job,2026-06-17T19:48:21.582Z,2026-06-17T19:48:33.304Z,ibm_fez,3,Óscar Dapena,,b5535e3e7f794fd59355a54d9ce04c27
d8pfjvmab0ds73dp1keg,completed,crn:v1:bluemix:public:quantum-computing:us-east:a/b5535e3e7f794fd59355a54d9ce04c27:070e9ba3-67ef-463a-b24d-159489bab394::,us-east,job,2026-06-17T19:48:14.620Z,2026-06-17T19:48:19.962Z,ibm_fez,3,Óscar Dapena,,b5535e3e7f794fd59355a54d9ce04c27
d8pfjtq01fac73d1lqb0,completed,crn:v1:bluemix:public:quantum-computing:us-east:a/b5535e3e7f794fd59355a54d9ce04c27:070e9ba3-67ef-463a-b24d-159489bab394::,us-east,job,2026-06-17T19:48:07.249Z,2026-06-17T19:48:12.777Z,ibm_fez,3,Óscar Dapena,,b5535e3e7f794fd59355a54d9ce04c27
d8pfjruab0ds73dp1ka0,completed,crn:v1:bluemix:public:quantum-computing:us-east:a/b5535e3e7f794fd59355a54d9ce04c27:070e9ba3-67ef-463a-b24d-159489bab394::,us-east,job,2026-06-17T19:48:00.009Z,2026-06-17T19:48:05.193Z,ibm_fez,3,Óscar Dapena,,b5535e3e7f794fd59355a54d9ce04c27
d8pfjqa01fac73d1lq80,completed,crn:v1:bluemix:public:quantum-computing:us-east:a/b5535e3e7f794fd59355a54d9ce04c27:070e9ba3-67ef-463a-b24d-159489bab394::,us-east,job,2026-06-17T19:47:53.549Z,2026-06-17T19:47:58.600Z,ibm_fez,3,Óscar Dapena,,b5535e3e7f794fd59355a54d9ce04c27
d8pfjoi01fac73d1lq4g,completed,crn:v1:bluemix:public:quantum-computing:us-east:a/b5535e3e7f794fd59355a54d9ce04c27:070e9ba3-67ef-463a-b24d-159489bab394::,us-east,job,2026-06-17T19:47:46.641Z,2026-06-17T19:47:51.869Z,ibm_fez,3,Óscar Dapena,,b5535e3e7f794fd59355a54d9ce04c27
d8pfjmugbcrc73f1vi30,completed,crn:v1:bluemix:public:quantum-computing:us-east:a/b5535e3e7f794fd59355a54d9ce04c27:070e9ba3-67ef-463a-b24d-159489bab394::,us-east,job,2026-06-17T19:47:39.547Z,2026-06-17T19:47:44.801Z,ibm_fez,3,Óscar Dapena,,b5535e3e7f794fd59355a54d9ce04c27
d8pfjl6kodhs7381psu0,completed,crn:v1:bluemix:public:quantum-computing:us-east:a/b5535e3e7f794fd59355a54d9ce04c27:070e9ba3-67ef-463a-b24d-159489bab394::,us-east,job,2026-06-17T19:47:32.508Z,2026-06-17T19:47:38.039Z,ibm_fez,3,Óscar Dapena,,b5535e3e7f794fd59355a54d9ce04c27
d8pfh8mgbcrc73f1vf5g,completed,crn:v1:bluemix:public:quantum-computing:us-east:a/b5535e3e7f794fd59355a54d9ce04c27:070e9ba3-67ef-463a-b24d-159489bab394::,us-east,job,2026-06-17T19:42:27.049Z,2026-06-17T19:42:31.882Z,ibm_fez,3,Óscar Dapena,,b5535e3e7f794fd59355a54d9ce04c27
d8pfh6uab0ds73dp1gt0,completed,crn:v1:bluemix:public:quantum-computing:us-east:a/b5535e3e7f794fd59355a54d9ce04c27:070e9ba3-67ef-463a-b24d-159489bab394::,us-east,job,2026-06-17T19:42:19.368Z,2026-06-17T19:42:24.565Z,ibm_fez,3,Óscar Dapena,,b5535e3e7f794fd59355a54d9ce04c27
d8pfh56kodhs7381pq10,completed,crn:v1:bluemix:public:quantum-computing:us-east:a/b5535e3e7f794fd59355a54d9ce04c27:070e9ba3-67ef-463a-b24d-159489bab394::,us-east,job,2026-06-17T19:42:12.257Z,2026-06-17T19:42:17.404Z,ibm_fez,3,Óscar Dapena,,b5535e3e7f794fd59355a54d9ce04c27
d8pfh36ab0ds73dp1go0,completed,crn:v1:bluemix:public:quantum-computing:us-east:a/b5535e3e7f794fd59355a54d9ce04c27:070e9ba3-67ef-463a-b24d-159489bab394::,us-east,job,2026-06-17T19:42:04.329Z,2026-06-17T19:42:10.664Z,ibm_fez,3,Óscar Dapena,,b5535e3e7f794fd59355a54d9ce04c27
d8pfh16kodhs7381ppt0,completed,crn:v1:bluemix:public:quantum-computing:us-east:a/b5535e3e7f794fd59355a54d9ce04c27:070e9ba3-67ef-463a-b24d-159489bab394::,us-east,job,2026-06-17T19:41:56.482Z,2026-06-17T19:42:02.631Z,ibm_fez,3,Óscar Dapena,,b5535e3e7f794fd59355a54d9ce04c27
d8pfgv6gbcrc73f1ves0,completed,crn:v1:bluemix:public:quantum-computing:us-east:a/b5535e3e7f794fd59355a54d9ce04c27:070e9ba3-67ef-463a-b24d-159489bab394::,us-east,job,2026-06-17T19:41:48.526Z,2026-06-17T19:41:54.298Z,ibm_fez,3,Óscar Dapena,,b5535e3e7f794fd59355a54d9ce04c27
d8pfgta01fac73d1ln0g,completed,crn:v1:bluemix:public:quantum-computing:us-east:a/b5535e3e7f794fd59355a54d9ce04c27:070e9ba3-67ef-463a-b24d-159489bab394::,us-east,job,2026-06-17T19:41:41.861Z,2026-06-17T19:41:46.967Z,ibm_fez,3,Óscar Dapena,,b5535e3e7f794fd59355a54d9ce04c27
d8pfgrmgbcrc73f1ven0,completed,crn:v1:bluemix:public:quantum-computing:us-east:a/b5535e3e7f794fd59355a54d9ce04c27:070e9ba3-67ef-463a-b24d-159489bab394::,us-east,job,2026-06-17T19:41:34.620Z,2026-06-17T19:41:40.080Z,ibm_fez,3,Óscar Dapena,,b5535e3e7f794fd59355a54d9ce04c27
d8pfgpi01fac73d1lms0,completed,crn:v1:bluemix:public:quantum-computing:us-east:a/b5535e3e7f794fd59355a54d9ce04c27:070e9ba3-67ef-463a-b24d-159489bab394::,us-east,job,2026-06-17T19:41:26.666Z,2026-06-17T19:41:32.494Z,ibm_fez,3,Óscar Dapena,,b5535e3e7f794fd59355a54d9ce04c27
d8pfgnq01fac73d1lmp0,completed,crn:v1:bluemix:public:quantum-computing:us-east:a/b5535e3e7f794fd59355a54d9ce04c27:070e9ba3-67ef-463a-b24d-159489bab394::,us-east,job,2026-06-17T19:41:19.331Z,2026-06-17T19:41:24.865Z,ibm_fez,3,Óscar Dapena,,b5535e3e7f794fd59355a54d9ce04c27
d8pfeva01fac73d1lkpg,completed,crn:v1:bluemix:public:quantum-computing:us-east:a/b5535e3e7f794fd59355a54d9ce04c27:070e9ba3-67ef-463a-b24d-159489bab394::,us-east,job,2026-06-17T19:37:34.044Z,2026-06-17T19:37:45.077Z,ibm_fez,3,Óscar Dapena,,b5535e3e7f794fd59355a54d9ce04c27
d8pfetukodhs7381pngg,completed,crn:v1:bluemix:public:quantum-computing:us-east:a/b5535e3e7f794fd59355a54d9ce04c27:070e9ba3-67ef-463a-b24d-159489bab394::,us-east,job,2026-06-17T19:37:27.714Z,2026-06-17T19:37:32.667Z,ibm_fez,3,Óscar Dapena,,b5535e3e7f794fd59355a54d9ce04c27
d8pfer6kodhs7381pnd0,completed,crn:v1:bluemix:public:quantum-computing:us-east:a/b5535e3e7f794fd59355a54d9ce04c27:070e9ba3-67ef-463a-b24d-159489bab394::,us-east,job,2026-06-17T19:37:16.450Z,2026-06-17T19:37:26.236Z,ibm_fez,3,Óscar Dapena,,b5535e3e7f794fd59355a54d9ce04c27
d8pfep201fac73d1lkjg,completed,crn:v1:bluemix:public:quantum-computing:us-east:a/b5535e3e7f794fd59355a54d9ce04c27:070e9ba3-67ef-463a-b24d-159489bab394::,us-east,job,2026-06-17T19:37:08.631Z,2026-06-17T19:37:14.510Z,ibm_fez,3,Óscar Dapena,,b5535e3e7f794fd59355a54d9ce04c27
d8pfem6gbcrc73f1vcb0,completed,crn:v1:bluemix:public:quantum-computing:us-east:a/b5535e3e7f794fd59355a54d9ce04c27:070e9ba3-67ef-463a-b24d-159489bab394::,us-east,job,2026-06-17T19:36:57.108Z,2026-06-17T19:37:07.264Z,ibm_fez,3,Óscar Dapena,,b5535e3e7f794fd59355a54d9ce04c27
d8pfekeab0ds73dp1dt0,completed,crn:v1:bluemix:public:quantum-computing:us-east:a/b5535e3e7f794fd59355a54d9ce04c27:070e9ba3-67ef-463a-b24d-159489bab394::,us-east,job,2026-06-17T19:36:49.417Z,2026-06-17T19:36:55.228Z,ibm_fez,3,Óscar Dapena,,b5535e3e7f794fd59355a54d9ce04c27
d8pfehmgbcrc73f1vc4g,completed,crn:v1:bluemix:public:quantum-computing:us-east:a/b5535e3e7f794fd59355a54d9ce04c27:070e9ba3-67ef-463a-b24d-159489bab394::,us-east,job,2026-06-17T19:36:38.493Z,2026-06-17T19:36:47.970Z,ibm_fez,3,Óscar Dapena,,b5535e3e7f794fd59355a54d9ce04c27
d8pfefmab0ds73dp1dmg,completed,crn:v1:bluemix:public:quantum-computing:us-east:a/b5535e3e7f794fd59355a54d9ce04c27:070e9ba3-67ef-463a-b24d-159489bab394::,us-east,job,2026-06-17T19:36:30.684Z,2026-06-17T19:36:36.538Z,ibm_fez,3,Óscar Dapena,,b5535e3e7f794fd59355a54d9ce04c27
d8pfecugbcrc73f1vbug,completed,crn:v1:bluemix:public:quantum-computing:us-east:a/b5535e3e7f794fd59355a54d9ce04c27:070e9ba3-67ef-463a-b24d-159489bab394::,us-east,job,2026-06-17T19:36:19.580Z,2026-06-17T19:36:28.851Z,ibm_fez,3,Óscar Dapena,,b5535e3e7f794fd59355a54d9ce04c27
d8pfeb6kodhs7381pmng,completed,crn:v1:bluemix:public:quantum-computing:us-east:a/b5535e3e7f794fd59355a54d9ce04c27:070e9ba3-67ef-463a-b24d-159489bab394::,us-east,job,2026-06-17T19:36:12.164Z,2026-06-17T19:36:17.637Z,ibm_fez,3,Óscar Dapena,,b5535e3e7f794fd59355a54d9ce04c27
d8pfe2ugbcrc73f1vbig,completed,crn:v1:bluemix:public:quantum-computing:us-east:a/b5535e3e7f794fd59355a54d9ce04c27:070e9ba3-67ef-463a-b24d-159489bab394::,us-east,job,2026-06-17T19:35:40.065Z,2026-06-17T19:35:50.282Z,ibm_fez,3,Óscar Dapena,,b5535e3e7f794fd59355a54d9ce04c27
d8pfe16gbcrc73f1vbfg,completed,crn:v1:bluemix:public:quantum-computing:us-east:a/b5535e3e7f794fd59355a54d9ce04c27:070e9ba3-67ef-463a-b24d-159489bab394::,us-east,job,2026-06-17T19:35:33.022Z,2026-06-17T19:35:38.083Z,ibm_fez,3,Óscar Dapena,,b5535e3e7f794fd59355a54d9ce04c27
d8pfdu6ab0ds73dp1d20,completed,crn:v1:bluemix:public:quantum-computing:us-east:a/b5535e3e7f794fd59355a54d9ce04c27:070e9ba3-67ef-463a-b24d-159489bab394::,us-east,job,2026-06-17T19:35:20.899Z,2026-06-17T19:35:31.282Z,ibm_fez,3,Óscar Dapena,,b5535e3e7f794fd59355a54d9ce04c27
d8pfdsekodhs7381pm6g,completed,crn:v1:bluemix:public:quantum-computing:us-east:a/b5535e3e7f794fd59355a54d9ce04c27:070e9ba3-67ef-463a-b24d-159489bab394::,us-east,job,2026-06-17T19:35:13.738Z,2026-06-17T19:35:18.868Z,ibm_fez,3,Óscar Dapena,,b5535e3e7f794fd59355a54d9ce04c27
d8pfdpugbcrc73f1vb60,completed,crn:v1:bluemix:public:quantum-computing:us-east:a/b5535e3e7f794fd59355a54d9ce04c27:070e9ba3-67ef-463a-b24d-159489bab394::,us-east,job,2026-06-17T19:35:03.324Z,2026-06-17T19:35:11.722Z,ibm_fez,3,Óscar Dapena,,b5535e3e7f794fd59355a54d9ce04c27
d8pfdnukodhs7381pm0g,completed,crn:v1:bluemix:public:quantum-computing:us-east:a/b5535e3e7f794fd59355a54d9ce04c27:070e9ba3-67ef-463a-b24d-159489bab394::,us-east,job,2026-06-17T19:34:55.532Z,2026-06-17T19:35:01.044Z,ibm_fez,3,Óscar Dapena,,b5535e3e7f794fd59355a54d9ce04c27
d8pfdkuab0ds73dp1cng,completed,crn:v1:bluemix:public:quantum-computing:us-east:a/b5535e3e7f794fd59355a54d9ce04c27:070e9ba3-67ef-463a-b24d-159489bab394::,us-east,job,2026-06-17T19:34:43.360Z,2026-06-17T19:34:53.511Z,ibm_fez,3,Óscar Dapena,,b5535e3e7f794fd59355a54d9ce04c27
d8pfdj6ab0ds73dp1cl0,completed,crn:v1:bluemix:public:quantum-computing:us-east:a/b5535e3e7f794fd59355a54d9ce04c27:070e9ba3-67ef-463a-b24d-159489bab394::,us-east,job,2026-06-17T19:34:36.317Z,2026-06-17T19:34:41.550Z,ibm_fez,3,Óscar Dapena,,b5535e3e7f794fd59355a54d9ce04c27
d8pfdgegbcrc73f1vapg,completed,crn:v1:bluemix:public:quantum-computing:us-east:a/b5535e3e7f794fd59355a54d9ce04c27:070e9ba3-67ef-463a-b24d-159489bab394::,us-east,job,2026-06-17T19:34:25.450Z,2026-06-17T19:34:34.084Z,ibm_fez,3,Óscar Dapena,,b5535e3e7f794fd59355a54d9ce04c27
d8pfdeegbcrc73f1vamg,completed,crn:v1:bluemix:public:quantum-computing:us-east:a/b5535e3e7f794fd59355a54d9ce04c27:070e9ba3-67ef-463a-b24d-159489bab394::,us-east,job,2026-06-17T19:34:17.266Z,2026-06-17T19:34:23.233Z,ibm_fez,3,Óscar Dapena,,b5535e3e7f794fd59355a54d9ce04c27
d8pfbkeab0ds73dp195g,completed,crn:v1:bluemix:public:quantum-computing:us-east:a/b5535e3e7f794fd59355a54d9ce04c27:070e9ba3-67ef-463a-b24d-159489bab394::,us-east,job,2026-06-17T19:30:26.076Z,2026-06-17T19:30:35.502Z,ibm_fez,3,Óscar Dapena,,b5535e3e7f794fd59355a54d9ce04c27
d8pfbii01fac73d1lfo0,completed,crn:v1:bluemix:public:quantum-computing:us-east:a/b5535e3e7f794fd59355a54d9ce04c27:070e9ba3-67ef-463a-b24d-159489bab394::,us-east,job,2026-06-17T19:30:19.128Z,2026-06-17T19:30:23.884Z,ibm_fez,3,Óscar Dapena,,b5535e3e7f794fd59355a54d9ce04c27
d8pfbfmkodhs7381phug,completed,crn:v1:bluemix:public:quantum-computing:us-east:a/b5535e3e7f794fd59355a54d9ce04c27:070e9ba3-67ef-463a-b24d-159489bab394::,us-east,job,2026-06-17T19:30:06.905Z,2026-06-17T19:30:16.988Z,ibm_fez,3,Óscar Dapena,,b5535e3e7f794fd59355a54d9ce04c27
d8pfbduab0ds73dp18sg,completed,crn:v1:bluemix:public:quantum-computing:us-east:a/b5535e3e7f794fd59355a54d9ce04c27:070e9ba3-67ef-463a-b24d-159489bab394::,us-east,job,2026-06-17T19:29:59.521Z,2026-06-17T19:30:04.899Z,ibm_fez,3,Óscar Dapena,,b5535e3e7f794fd59355a54d9ce04c27
d8pfbb6kodhs7381phpg,completed,crn:v1:bluemix:public:quantum-computing:us-east:a/b5535e3e7f794fd59355a54d9ce04c27:070e9ba3-67ef-463a-b24d-159489bab394::,us-east,job,2026-06-17T19:29:48.174Z,2026-06-17T19:29:57.850Z,ibm_fez,3,Óscar Dapena,,b5535e3e7f794fd59355a54d9ce04c27
d8pfb96ab0ds73dp18o0,completed,crn:v1:bluemix:public:quantum-computing:us-east:a/b5535e3e7f794fd59355a54d9ce04c27:070e9ba3-67ef-463a-b24d-159489bab394::,us-east,job,2026-06-17T19:29:40.569Z,2026-06-17T19:29:46.060Z,ibm_fez,3,Óscar Dapena,,b5535e3e7f794fd59355a54d9ce04c27
d8pfb66kodhs7381phj0,completed,crn:v1:bluemix:public:quantum-computing:us-east:a/b5535e3e7f794fd59355a54d9ce04c27:070e9ba3-67ef-463a-b24d-159489bab394::,us-east,job,2026-06-17T19:29:28.902Z,2026-06-17T19:29:38.849Z,ibm_fez,3,Óscar Dapena,,b5535e3e7f794fd59355a54d9ce04c27
d8pfb4a01fac73d1lf70,completed,crn:v1:bluemix:public:quantum-computing:us-east:a/b5535e3e7f794fd59355a54d9ce04c27:070e9ba3-67ef-463a-b24d-159489bab394::,us-east,job,2026-06-17T19:29:21.754Z,2026-06-17T19:29:26.685Z,ibm_fez,3,Óscar Dapena,,b5535e3e7f794fd59355a54d9ce04c27
d8pfb1uab0ds73dp18h0,completed,crn:v1:bluemix:public:quantum-computing:us-east:a/b5535e3e7f794fd59355a54d9ce04c27:070e9ba3-67ef-463a-b24d-159489bab394::,us-east,job,2026-06-17T19:29:12.046Z,2026-06-17T19:29:19.706Z,ibm_fez,3,Óscar Dapena,,b5535e3e7f794fd59355a54d9ce04c27
d8pfavuab0ds73dp18e0,completed,crn:v1:bluemix:public:quantum-computing:us-east:a/b5535e3e7f794fd59355a54d9ce04c27:070e9ba3-67ef-463a-b24d-159489bab394::,us-east,job,2026-06-17T19:29:03.372Z,2026-06-17T19:29:08.501Z,ibm_fez,3,Óscar Dapena,,b5535e3e7f794fd59355a54d9ce04c27
d8pf8uegbcrc73f1v3h0,completed,crn:v1:bluemix:public:quantum-computing:us-east:a/b5535e3e7f794fd59355a54d9ce04c27:070e9ba3-67ef-463a-b24d-159489bab394::,us-east,job,2026-06-17T19:24:41.409Z,2026-06-17T19:24:46.884Z,ibm_fez,3,Óscar Dapena,,b5535e3e7f794fd59355a54d9ce04c27
d8pf8rmab0ds73dp15lg,completed,crn:v1:bluemix:public:quantum-computing:us-east:a/b5535e3e7f794fd59355a54d9ce04c27:070e9ba3-67ef-463a-b24d-159489bab394::,us-east,job,2026-06-17T19:24:30.876Z,2026-06-17T19:24:39.675Z,ibm_fez,3,Óscar Dapena,,b5535e3e7f794fd59355a54d9ce04c27
d8pf8pmab0ds73dp15jg,completed,crn:v1:bluemix:public:quantum-computing:us-east:a/b5535e3e7f794fd59355a54d9ce04c27:070e9ba3-67ef-463a-b24d-159489bab394::,us-east,job,2026-06-17T19:24:22.796Z,2026-06-17T19:24:28.860Z,ibm_fez,3,Óscar Dapena,,b5535e3e7f794fd59355a54d9ce04c27
d8pf8ma01fac73d1lc5g,completed,crn:v1:bluemix:public:quantum-computing:us-east:a/b5535e3e7f794fd59355a54d9ce04c27:070e9ba3-67ef-463a-b24d-159489bab394::,us-east,job,2026-06-17T19:24:09.878Z,2026-06-17T19:24:20.760Z,ibm_fez,3,Óscar Dapena,,b5535e3e7f794fd59355a54d9ce04c27
d8pf8emab0ds73dp1550,completed,crn:v1:bluemix:public:quantum-computing:us-east:a/b5535e3e7f794fd59355a54d9ce04c27:070e9ba3-67ef-463a-b24d-159489bab394::,us-east,job,2026-06-17T19:23:38.896Z,2026-06-17T19:24:03.195Z,ibm_fez,3,Óscar Dapena,,b5535e3e7f794fd59355a54d9ce04c27
d8pf8cuab0ds73dp152g,completed,crn:v1:bluemix:public:quantum-computing:us-east:a/b5535e3e7f794fd59355a54d9ce04c27:070e9ba3-67ef-463a-b24d-159489bab394::,us-east,job,2026-06-17T19:23:31.529Z,2026-06-17T19:23:37.227Z,ibm_fez,3,Óscar Dapena,,b5535e3e7f794fd59355a54d9ce04c27
d8pf89a01fac73d1lbng,completed,crn:v1:bluemix:public:quantum-computing:us-east:a/b5535e3e7f794fd59355a54d9ce04c27:070e9ba3-67ef-463a-b24d-159489bab394::,us-east,job,2026-06-17T19:23:17.953Z,2026-06-17T19:23:29.469Z,ibm_fez,3,Óscar Dapena,,b5535e3e7f794fd59355a54d9ce04c27
d8pf84uab0ds73dp14pg,completed,crn:v1:bluemix:public:quantum-computing:us-east:a/b5535e3e7f794fd59355a54d9ce04c27:070e9ba3-67ef-463a-b24d-159489bab394::,us-east,job,2026-06-17T19:22:59.765Z,2026-06-17T19:23:15.658Z,ibm_fez,3,Óscar Dapena,,b5535e3e7f794fd59355a54d9ce04c27
d8pf826ab0ds73dp14m0,completed,crn:v1:bluemix:public:quantum-computing:us-east:a/b5535e3e7f794fd59355a54d9ce04c27:070e9ba3-67ef-463a-b24d-159489bab394::,us-east,job,2026-06-17T19:22:48.243Z,2026-06-17T19:22:57.655Z,ibm_fez,3,Óscar Dapena,,b5535e3e7f794fd59355a54d9ce04c27
d8pf7vugbcrc73f1v2h0,completed,crn:v1:bluemix:public:quantum-computing:us-east:a/b5535e3e7f794fd59355a54d9ce04c27:070e9ba3-67ef-463a-b24d-159489bab394::,us-east,job,2026-06-17T19:22:40.011Z,2026-06-17T19:22:45.922Z,ibm_fez,3,Óscar Dapena,,b5535e3e7f794fd59355a54d9ce04c27
d8pf7pa01fac73d1lb6g,completed,crn:v1:bluemix:public:quantum-computing:us-east:a/b5535e3e7f794fd59355a54d9ce04c27:070e9ba3-67ef-463a-b24d-159489bab394::,us-east,job,2026-06-17T19:22:14.095Z,2026-06-17T19:22:38.614Z,ibm_fez,3,Óscar Dapena,,b5535e3e7f794fd59355a54d9ce04c27
d8pf7nmgbcrc73f1v260,completed,crn:v1:bluemix:public:quantum-computing:us-east:a/b5535e3e7f794fd59355a54d9ce04c27:070e9ba3-67ef-463a-b24d-159489bab394::,us-east,job,2026-06-17T19:22:06.827Z,2026-06-17T19:22:12.176Z,ibm_fez,3,Óscar Dapena,,b5535e3e7f794fd59355a54d9ce04c27
d8pf7jmab0ds73dp144g,completed,crn:v1:bluemix:public:quantum-computing:us-east:a/b5535e3e7f794fd59355a54d9ce04c27:070e9ba3-67ef-463a-b24d-159489bab394::,us-east,job,2026-06-17T19:21:50.925Z,2026-06-17T19:22:04.884Z,ibm_fez,3,Óscar Dapena,,b5535e3e7f794fd59355a54d9ce04c27
d8pf7fegbcrc73f1v1t0,completed,crn:v1:bluemix:public:quantum-computing:us-east:a/b5535e3e7f794fd59355a54d9ce04c27:070e9ba3-67ef-463a-b24d-159489bab394::,us-east,job,2026-06-17T19:21:33.798Z,2026-06-17T19:21:49.262Z,ibm_fez,3,Óscar Dapena,,b5535e3e7f794fd59355a54d9ce04c27
d8pf7ca01fac73d1laj0,completed,crn:v1:bluemix:public:quantum-computing:us-east:a/b5535e3e7f794fd59355a54d9ce04c27:070e9ba3-67ef-463a-b24d-159489bab394::,us-east,job,2026-06-17T19:21:22.073Z,2026-06-17T19:21:31.595Z,ibm_fez,3,Óscar Dapena,,b5535e3e7f794fd59355a54d9ce04c27
d8pf7amkodhs7381pd00,completed,crn:v1:bluemix:public:quantum-computing:us-east:a/b5535e3e7f794fd59355a54d9ce04c27:070e9ba3-67ef-463a-b24d-159489bab394::,us-east,job,2026-06-17T19:21:14.699Z,2026-06-17T19:21:20.675Z,ibm_fez,3,Óscar Dapena,,b5535e3e7f794fd59355a54d9ce04c27
d8pf78ukodhs7381pctg,completed,crn:v1:bluemix:public:quantum-computing:us-east:a/b5535e3e7f794fd59355a54d9ce04c27:070e9ba3-67ef-463a-b24d-159489bab394::,us-east,job,2026-06-17T19:21:07.239Z,2026-06-17T19:21:12.543Z,ibm_fez,3,Óscar Dapena,,b5535e3e7f794fd59355a54d9ce04c27
d8pf74i01fac73d1la8g,completed,crn:v1:bluemix:public:quantum-computing:us-east:a/b5535e3e7f794fd59355a54d9ce04c27:070e9ba3-67ef-463a-b24d-159489bab394::,us-east,job,2026-06-17T19:20:50.396Z,2026-06-17T19:21:05.216Z,ibm_fez,3,Óscar Dapena,,b5535e3e7f794fd59355a54d9ce04c27
d8pf72ugbcrc73f1v1a0,completed,crn:v1:bluemix:public:quantum-computing:us-east:a/b5535e3e7f794fd59355a54d9ce04c27:070e9ba3-67ef-463a-b24d-159489bab394::,us-east,job,2026-06-17T19:20:43.370Z,2026-06-17T19:20:48.799Z,ibm_fez,3,Óscar Dapena,,b5535e3e7f794fd59355a54d9ce04c27
d8pf70ugbcrc73f1v17g,completed,crn:v1:bluemix:public:quantum-computing:us-east:a/b5535e3e7f794fd59355a54d9ce04c27:070e9ba3-67ef-463a-b24d-159489bab394::,us-east,job,2026-06-17T19:20:35.846Z,2026-06-17T19:20:41.485Z,ibm_fez,3,Óscar Dapena,,b5535e3e7f794fd59355a54d9ce04c27
d8pf4pa01fac73d1l7jg,completed,crn:v1:bluemix:public:quantum-computing:us-east:a/b5535e3e7f794fd59355a54d9ce04c27:070e9ba3-67ef-463a-b24d-159489bab394::,us-east,job,2026-06-17T19:15:49.462Z,2026-06-17T19:15:54.832Z,ibm_fez,3,Óscar Dapena,,b5535e3e7f794fd59355a54d9ce04c27
d8pf4l6kodhs7381p9t0,completed,crn:v1:bluemix:public:quantum-computing:us-east:a/b5535e3e7f794fd59355a54d9ce04c27:070e9ba3-67ef-463a-b24d-159489bab394::,us-east,job,2026-06-17T19:15:32.711Z,2026-06-17T19:15:47.659Z,ibm_fez,3,Óscar Dapena,,b5535e3e7f794fd59355a54d9ce04c27
d8pf4j201fac73d1l7c0,completed,crn:v1:bluemix:public:quantum-computing:us-east:a/b5535e3e7f794fd59355a54d9ce04c27:070e9ba3-67ef-463a-b24d-159489bab394::,us-east,job,2026-06-17T19:15:24.923Z,2026-06-17T19:15:30.504Z,ibm_fez,3,Óscar Dapena,,b5535e3e7f794fd59355a54d9ce04c27
d8pf4hekodhs7381p9n0,completed,crn:v1:bluemix:public:quantum-computing:us-east:a/b5535e3e7f794fd59355a54d9ce04c27:070e9ba3-67ef-463a-b24d-159489bab394::,us-east,job,2026-06-17T19:15:17.472Z,2026-06-17T19:15:23.005Z,ibm_fez,3,Óscar Dapena,,b5535e3e7f794fd59355a54d9ce04c27
d8pf4fmkodhs7381p9kg,completed,crn:v1:bluemix:public:quantum-computing:us-east:a/b5535e3e7f794fd59355a54d9ce04c27:070e9ba3-67ef-463a-b24d-159489bab394::,us-east,job,2026-06-17T19:15:10.312Z,2026-06-17T19:15:15.387Z,ibm_fez,3,Óscar Dapena,,b5535e3e7f794fd59355a54d9ce04c27
d8pf46mgbcrc73f1uu20,completed,crn:v1:bluemix:public:quantum-computing:us-east:a/b5535e3e7f794fd59355a54d9ce04c27:070e9ba3-67ef-463a-b24d-159489bab394::,us-east,job,2026-06-17T19:14:34.710Z,2026-06-17T19:15:08.208Z,ibm_fez,3,Óscar Dapena,,b5535e3e7f794fd59355a54d9ce04c27
d8pf41ugbcrc73f1utqg,completed,crn:v1:bluemix:public:quantum-computing:us-east:a/b5535e3e7f794fd59355a54d9ce04c27:070e9ba3-67ef-463a-b24d-159489bab394::,us-east,job,2026-06-17T19:14:15.238Z,2026-06-17T19:14:32.194Z,ibm_fez,3,Óscar Dapena,,b5535e3e7f794fd59355a54d9ce04c27
d8pf3meab0ds73dp0vm0,completed,crn:v1:bluemix:public:quantum-computing:us-east:a/b5535e3e7f794fd59355a54d9ce04c27:070e9ba3-67ef-463a-b24d-159489bab394::,us-east,job,2026-06-17T19:13:30.069Z,2026-06-17T19:14:12.945Z,ibm_fez,3,Óscar Dapena,,b5535e3e7f794fd59355a54d9ce04c27
d8pf386gbcrc73f1usv0,completed,crn:v1:bluemix:public:quantum-computing:us-east:a/b5535e3e7f794fd59355a54d9ce04c27:070e9ba3-67ef-463a-b24d-159489bab394::,us-east,job,2026-06-17T19:12:32.863Z,2026-06-17T19:13:27.576Z,ibm_fez,3,Óscar Dapena,,b5535e3e7f794fd59355a54d9ce04c27
d8petiuab0ds73dp0ok0,completed,crn:v1:bluemix:public:quantum-computing:us-east:a/b5535e3e7f794fd59355a54d9ce04c27:070e9ba3-67ef-463a-b24d-159489bab394::,us-east,job,2026-06-17T19:00:27.800Z,2026-06-17T19:12:30.517Z,ibm_fez,3,Óscar Dapena,,b5535e3e7f794fd59355a54d9ce04c27
d8peonq01fac73d1kpog,completed,crn:v1:bluemix:public:quantum-computing:us-east:a/8c385990c2984949843fbb40ff609698:61413333-fa43-4778-a006-83a6704b307e::,us-east,job,2026-06-17T18:50:08.014Z,2026-07-13T19:01:04.463Z,ibm_fez,3,oja moran,,8c385990c2984949843fbb40ff609698
d8peg4mab0ds73dp09g0,completed,crn:v1:bluemix:public:quantum-computing:us-east:a/8c385990c2984949843fbb40ff609698:61413333-fa43-4778-a006-83a6704b307e::,us-east,job,2026-06-17T18:31:46.806Z,2026-07-13T19:00:36.681Z,ibm_fez,3,oja moran,,8c385990c2984949843fbb40ff609698
d8pdbii01fac73d1iung,completed,crn:v1:bluemix:public:quantum-computing:us-east:a/8c385990c2984949843fbb40ff609698:61413333-fa43-4778-a006-83a6704b307e::,us-east,job,2026-06-17T17:13:46.522Z,2026-07-13T19:00:33.659Z,ibm_fez,3,oja moran,,8c385990c2984949843fbb40ff609698
d8pdbgugbcrc73f1smag,completed,crn:v1:bluemix:public:quantum-computing:us-east:a/8c385990c2984949843fbb40ff609698:61413333-fa43-4778-a006-83a6704b307e::,us-east,job,2026-06-17T17:13:39.118Z,2026-06-17T17:13:44.493Z,ibm_fez,3,oja moran,,8c385990c2984949843fbb40ff609698
d8pdbemgbcrc73f1sm60,completed,crn:v1:bluemix:public:quantum-computing:us-east:a/8c385990c2984949843fbb40ff609698:61413333-fa43-4778-a006-83a6704b307e::,us-east,job,2026-06-17T17:13:30.246Z,2026-06-17T17:13:36.098Z,ibm_fez,3,oja moran,,8c385990c2984949843fbb40ff609698
d8pdbca01fac73d1iudg,completed,crn:v1:bluemix:public:quantum-computing:us-east:a/8c385990c2984949843fbb40ff609698:61413333-fa43-4778-a006-83a6704b307e::,us-east,job,2026-06-17T17:13:21.530Z,2026-06-17T17:13:27.342Z,ibm_fez,3,oja moran,,8c385990c2984949843fbb40ff609698
d8pdbamgbcrc73f1sm1g,completed,crn:v1:bluemix:public:quantum-computing:us-east:a/8c385990c2984949843fbb40ff609698:61413333-fa43-4778-a006-83a6704b307e::,us-east,job,2026-06-17T17:13:14.100Z,2026-06-17T17:13:19.123Z,ibm_fez,3,oja moran,,8c385990c2984949843fbb40ff609698
d8pdb8a01fac73d1iu8g,completed,crn:v1:bluemix:public:quantum-computing:us-east:a/8c385990c2984949843fbb40ff609698:61413333-fa43-4778-a006-83a6704b307e::,us-east,job,2026-06-17T17:13:05.785Z,2026-06-17T17:13:11.422Z,ibm_fez,3,oja moran,,8c385990c2984949843fbb40ff609698
d8pdb6a01fac73d1iu6g,completed,crn:v1:bluemix:public:quantum-computing:us-east:a/8c385990c2984949843fbb40ff609698:61413333-fa43-4778-a006-83a6704b307e::,us-east,job,2026-06-17T17:12:57.714Z,2026-06-17T17:13:03.268Z,ibm_fez,3,oja moran,,8c385990c2984949843fbb40ff609698
d8pdb4i01fac73d1iu4g,completed,crn:v1:bluemix:public:quantum-computing:us-east:a/8c385990c2984949843fbb40ff609698:61413333-fa43-4778-a006-83a6704b307e::,us-east,job,2026-06-17T17:12:50.673Z,2026-06-17T17:12:55.718Z,ibm_fez,3,oja moran,,8c385990c2984949843fbb40ff609698
d8pctpuab0ds73dots8g,completed,crn:v1:bluemix:public:quantum-computing:us-east:a/8c385990c2984949843fbb40ff609698:61413333-fa43-4778-a006-83a6704b307e::,us-east,job,2026-06-17T16:44:23.211Z,2026-06-17T16:44:28.617Z,ibm_fez,3,oja moran,,8c385990c2984949843fbb40ff609698
d8pcto6ab0ds73dots6g,completed,crn:v1:bluemix:public:quantum-computing:us-east:a/8c385990c2984949843fbb40ff609698:61413333-fa43-4778-a006-83a6704b307e::,us-east,job,2026-06-17T16:44:16.419Z,2026-06-17T16:44:21.311Z,ibm_fez,3,oja moran,,8c385990c2984949843fbb40ff609698
d8pctmeab0ds73dots3g,completed,crn:v1:bluemix:public:quantum-computing:us-east:a/8c385990c2984949843fbb40ff609698:61413333-fa43-4778-a006-83a6704b307e::,us-east,job,2026-06-17T16:44:09.318Z,2026-06-17T16:44:14.660Z,ibm_fez,3,oja moran,,8c385990c2984949843fbb40ff609698
d8pctkugbcrc73f1rorg,completed,crn:v1:bluemix:public:quantum-computing:us-east:a/8c385990c2984949843fbb40ff609698:61413333-fa43-4778-a006-83a6704b307e::,us-east,job,2026-06-17T16:44:03.267Z,2026-06-17T16:44:07.987Z,ibm_fez,3,oja moran,,8c385990c2984949843fbb40ff609698
d8pctiuab0ds73dots00,completed,crn:v1:bluemix:public:quantum-computing:us-east:a/8c385990c2984949843fbb40ff609698:61413333-fa43-4778-a006-83a6704b307e::,us-east,job,2026-06-17T16:43:55.954Z,2026-06-17T16:44:01.514Z,ibm_fez,3,oja moran,,8c385990c2984949843fbb40ff609698
d8pcthegbcrc73f1roo0,completed,crn:v1:bluemix:public:quantum-computing:us-east:a/8c385990c2984949843fbb40ff609698:61413333-fa43-4778-a006-83a6704b307e::,us-east,job,2026-06-17T16:43:50.010Z,2026-06-17T16:43:54.566Z,ibm_fez,3,oja moran,,8c385990c2984949843fbb40ff609698
d8pctfugbcrc73f1rolg,completed,crn:v1:bluemix:public:quantum-computing:us-east:a/8c385990c2984949843fbb40ff609698:61413333-fa43-4778-a006-83a6704b307e::,us-east,job,2026-06-17T16:43:43.309Z,2026-06-17T16:43:48.649Z,ibm_fez,3,oja moran,,8c385990c2984949843fbb40ff609698
d8pcte6kodhs7381m2l0,completed,crn:v1:bluemix:public:quantum-computing:us-east:a/8c385990c2984949843fbb40ff609698:61413333-fa43-4778-a006-83a6704b307e::,us-east,job,2026-06-17T16:43:36.040Z,2026-06-17T16:43:41.386Z,ibm_fez,3,oja moran,,8c385990c2984949843fbb40ff609698
d8pctcegbcrc73f1rohg,completed,crn:v1:bluemix:public:quantum-computing:us-east:a/8c385990c2984949843fbb40ff609698:61413333-fa43-4778-a006-83a6704b307e::,us-east,job,2026-06-17T16:43:29.065Z,2026-06-17T16:43:34.596Z,ibm_fez,3,oja moran,,8c385990c2984949843fbb40ff609698
d8pctaeab0ds73dotrmg,completed,crn:v1:bluemix:public:quantum-computing:us-east:a/8c385990c2984949843fbb40ff609698:61413333-fa43-4778-a006-83a6704b307e::,us-east,job,2026-06-17T16:43:21.956Z,2026-06-17T16:43:27.207Z,ibm_fez,3,oja moran,,8c385990c2984949843fbb40ff609698
d8pcq0q01fac73d1ht8g,completed,crn:v1:bluemix:public:quantum-computing:us-east:a/8c385990c2984949843fbb40ff609698:61413333-fa43-4778-a006-83a6704b307e::,us-east,job,2026-06-17T16:36:19.156Z,2026-06-17T16:36:26.933Z,ibm_fez,3,oja moran,,8c385990c2984949843fbb40ff609698
d8pcptuab0ds73dotnig,completed,crn:v1:bluemix:public:quantum-computing:us-east:a/8c385990c2984949843fbb40ff609698:61413333-fa43-4778-a006-83a6704b307e::,us-east,job,2026-06-17T16:36:07.700Z,2026-06-17T16:36:17.244Z,ibm_fez,3,oja moran,,8c385990c2984949843fbb40ff609698
d8pcpqmkodhs7381luhg,completed,crn:v1:bluemix:public:quantum-computing:us-east:a/8c385990c2984949843fbb40ff609698:61413333-fa43-4778-a006-83a6704b307e::,us-east,job,2026-06-17T16:35:54.980Z,2026-06-17T16:36:05.332Z,ibm_fez,3,oja moran,,8c385990c2984949843fbb40ff609698
d8pcpoa01fac73d1hsu0,completed,crn:v1:bluemix:public:quantum-computing:us-east:a/8c385990c2984949843fbb40ff609698:61413333-fa43-4778-a006-83a6704b307e::,us-east,job,2026-06-17T16:35:45.644Z,2026-06-17T16:35:53.159Z,ibm_fez,3,oja moran,,8c385990c2984949843fbb40ff609698
d8pcpl6gbcrc73f1rka0,completed,crn:v1:bluemix:public:quantum-computing:us-east:a/8c385990c2984949843fbb40ff609698:61413333-fa43-4778-a006-83a6704b307e::,us-east,job,2026-06-17T16:35:32.424Z,2026-06-17T16:35:43.740Z,ibm_fez,3,oja moran,,8c385990c2984949843fbb40ff609698
d8pcp36gbcrc73f1rjkg,completed,crn:v1:bluemix:public:quantum-computing:us-east:a/8c385990c2984949843fbb40ff609698:61413333-fa43-4778-a006-83a6704b307e::,us-east,job,2026-06-17T16:34:20.750Z,2026-06-17T16:35:30.486Z,ibm_fez,3,oja moran,,8c385990c2984949843fbb40ff609698
d8pco7mgbcrc73f1rim0,completed,crn:v1:bluemix:public:quantum-computing:us-east:a/8c385990c2984949843fbb40ff609698:61413333-fa43-4778-a006-83a6704b307e::,us-east,job,2026-06-17T16:32:30.237Z,2026-06-17T16:34:18.591Z,ibm_fez,3,oja moran,,8c385990c2984949843fbb40ff609698
d8pco3mab0ds73dotleg,completed,crn:v1:bluemix:public:quantum-computing:us-east:a/8c385990c2984949843fbb40ff609698:61413333-fa43-4778-a006-83a6704b307e::,us-east,job,2026-06-17T16:32:14.741Z,2026-06-17T16:32:27.164Z,ibm_fez,3,oja moran,,8c385990c2984949843fbb40ff609698
d8pcjg201fac73d1hl60,completed,crn:v1:bluemix:public:quantum-computing:us-east:a/8c385990c2984949843fbb40ff609698:61413333-fa43-4778-a006-83a6704b307e::,us-east,job,2026-06-17T16:22:24.656Z,2026-06-17T16:32:12.653Z,ibm_fez,3,oja moran,,8c385990c2984949843fbb40ff609698
d8pciu201fac73d1hkd0,completed,crn:v1:bluemix:public:quantum-computing:us-east:a/8c385990c2984949843fbb40ff609698:61413333-fa43-4778-a006-83a6704b307e::,us-east,job,2026-06-17T16:21:12.784Z,2026-06-17T16:22:22.256Z,ibm_fez,3,oja moran,,8c385990c2984949843fbb40ff609698
d8pcisa01fac73d1hk8g,completed,crn:v1:bluemix:public:quantum-computing:us-east:a/8c385990c2984949843fbb40ff609698:61413333-fa43-4778-a006-83a6704b307e::,us-east,job,2026-06-17T16:21:05.111Z,2026-06-17T16:21:10.550Z,ibm_fez,3,oja moran,,8c385990c2984949843fbb40ff609698
d8pcis6ab0ds73dotet0,completed,crn:v1:bluemix:public:quantum-computing:us-east:a/8c385990c2984949843fbb40ff609698:61413333-fa43-4778-a006-83a6704b307e::,us-east,job,2026-06-17T16:21:04.181Z,2026-06-17T16:21:09.449Z,ibm_fez,3,oja moran,,8c385990c2984949843fbb40ff609698
d8pcidekodhs7381lku0,completed,crn:v1:bluemix:public:quantum-computing:us-east:a/8c385990c2984949843fbb40ff609698:61413333-fa43-4778-a006-83a6704b307e::,us-east,job,2026-06-17T16:20:05.357Z,2026-06-17T16:21:03.264Z,ibm_fez,3,oja moran,,8c385990c2984949843fbb40ff609698
d8pcid201fac73d1hjjg,completed,crn:v1:bluemix:public:quantum-computing:us-east:a/8c385990c2984949843fbb40ff609698:61413333-fa43-4778-a006-83a6704b307e::,us-east,job,2026-06-17T16:20:04.526Z,2026-06-17T16:21:02.385Z,ibm_fez,3,oja moran,,8c385990c2984949843fbb40ff609698
d8pcibegbcrc73f1rb00,completed,crn:v1:bluemix:public:quantum-computing:us-east:a/8c385990c2984949843fbb40ff609698:61413333-fa43-4778-a006-83a6704b307e::,us-east,job,2026-06-17T16:19:58.111Z,2026-06-17T16:20:03.354Z,ibm_fez,3,oja moran,,8c385990c2984949843fbb40ff609698
d8pciba01fac73d1hjhg,completed,crn:v1:bluemix:public:quantum-computing:us-east:a/8c385990c2984949843fbb40ff609698:61413333-fa43-4778-a006-83a6704b307e::,us-east,job,2026-06-17T16:19:57.300Z,2026-06-17T16:20:02.306Z,ibm_fez,3,oja moran,,8c385990c2984949843fbb40ff609698
d8pchsekodhs7381lk5g,completed,crn:v1:bluemix:public:quantum-computing:us-east:a/8c385990c2984949843fbb40ff609698:61413333-fa43-4778-a006-83a6704b307e::,us-east,job,2026-06-17T16:18:57.958Z,2026-06-17T16:19:56.348Z,ibm_fez,3,oja moran,,8c385990c2984949843fbb40ff609698
d8pchsegbcrc73f1rabg,completed,crn:v1:bluemix:public:quantum-computing:us-east:a/8c385990c2984949843fbb40ff609698:61413333-fa43-4778-a006-83a6704b307e::,us-east,job,2026-06-17T16:18:57.246Z,2026-06-17T16:19:55.451Z,ibm_fez,3,oja moran,,8c385990c2984949843fbb40ff609698
d8pchqq01fac73d1hirg,completed,crn:v1:bluemix:public:quantum-computing:us-east:a/8c385990c2984949843fbb40ff609698:61413333-fa43-4778-a006-83a6704b307e::,us-east,job,2026-06-17T16:18:51.083Z,2026-06-17T16:18:55.852Z,ibm_fez,3,oja moran,,8c385990c2984949843fbb40ff609698
d8pchqekodhs7381lk30,completed,crn:v1:bluemix:public:quantum-computing:us-east:a/8c385990c2984949843fbb40ff609698:61413333-fa43-4778-a006-83a6704b307e::,us-east,job,2026-06-17T16:18:49.464Z,2026-06-17T16:18:54.990Z,ibm_fez,3,oja moran,,8c385990c2984949843fbb40ff609698
d8pchci01fac73d1hid0,completed,crn:v1:bluemix:public:quantum-computing:us-east:a/8c385990c2984949843fbb40ff609698:61413333-fa43-4778-a006-83a6704b307e::,us-east,job,2026-06-17T16:17:54.389Z,2026-06-17T16:18:48.620Z,ibm_fez,3,oja moran,,8c385990c2984949843fbb40ff609698
d8pchbuab0ds73dotcv0,completed,crn:v1:bluemix:public:quantum-computing:us-east:a/8c385990c2984949843fbb40ff609698:61413333-fa43-4778-a006-83a6704b307e::,us-east,job,2026-06-17T16:17:51.632Z,2026-06-17T16:18:47.451Z,ibm_fez,3,oja moran,,8c385990c2984949843fbb40ff609698
d8pch9q01fac73d1hi60,completed,crn:v1:bluemix:public:quantum-computing:us-east:a/8c385990c2984949843fbb40ff609698:61413333-fa43-4778-a006-83a6704b307e::,us-east,job,2026-06-17T16:17:43.290Z,2026-06-17T16:17:51.551Z,ibm_fez,3,oja moran,,8c385990c2984949843fbb40ff609698
d8pch9mkodhs7381lj7g,completed,crn:v1:bluemix:public:quantum-computing:us-east:a/8c385990c2984949843fbb40ff609698:61413333-fa43-4778-a006-83a6704b307e::,us-east,job,2026-06-17T16:17:42.882Z,2026-06-17T16:17:49.639Z,ibm_fez,3,oja moran,,8c385990c2984949843fbb40ff609698
d8pcgquab0ds73dotc0g,completed,crn:v1:bluemix:public:quantum-computing:us-east:a/8c385990c2984949843fbb40ff609698:61413333-fa43-4778-a006-83a6704b307e::,us-east,job,2026-06-17T16:16:43.828Z,2026-06-17T16:17:41.157Z,ibm_fez,3,oja moran,,8c385990c2984949843fbb40ff609698
d8pcgqmab0ds73dotbv0,completed,crn:v1:bluemix:public:quantum-computing:us-east:a/8c385990c2984949843fbb40ff609698:61413333-fa43-4778-a006-83a6704b307e::,us-east,job,2026-06-17T16:16:42.816Z,2026-06-17T16:17:40.494Z,ibm_fez,3,oja moran,,8c385990c2984949843fbb40ff609698
d8pcgoi01fac73d1hh70,completed,crn:v1:bluemix:public:quantum-computing:us-east:a/8c385990c2984949843fbb40ff609698:61413333-fa43-4778-a006-83a6704b307e::,us-east,job,2026-06-17T16:16:34.640Z,2026-06-17T16:16:41.366Z,ibm_fez,3,oja moran,,8c385990c2984949843fbb40ff609698
d8pcgomab0ds73dotbpg,completed,crn:v1:bluemix:public:quantum-computing:us-east:a/8c385990c2984949843fbb40ff609698:61413333-fa43-4778-a006-83a6704b307e::,us-east,job,2026-06-17T16:16:34.472Z,2026-06-17T16:16:40.494Z,ibm_fez,3,oja moran,,8c385990c2984949843fbb40ff609698
d8pcfnugbcrc73f1r75g,completed,crn:v1:bluemix:public:quantum-computing:us-east:a/8c385990c2984949843fbb40ff609698:61413333-fa43-4778-a006-83a6704b307e::,us-east,job,2026-06-17T16:14:23.375Z,2026-06-17T16:16:32.993Z,ibm_fez,3,oja moran,,8c385990c2984949843fbb40ff609698
d8pcba6gbcrc73f1r1hg,completed,crn:v1:bluemix:public:quantum-computing:us-east:a/8c385990c2984949843fbb40ff609698:61413333-fa43-4778-a006-83a6704b307e::,us-east,job,2026-06-17T16:04:56.267Z,2026-06-17T16:16:32.174Z,ibm_fez,3,oja moran,,8c385990c2984949843fbb40ff609698
d8pc80a01fac73d1h60g,completed,crn:v1:bluemix:public:quantum-computing:us-east:a/8c385990c2984949843fbb40ff609698:61413333-fa43-4778-a006-83a6704b307e::,us-east,job,2026-06-17T15:57:53.632Z,2026-06-17T15:57:59.166Z,ibm_fez,3,oja moran,,8c385990c2984949843fbb40ff609698
d8pc7umab0ds73dot0f0,completed,crn:v1:bluemix:public:quantum-computing:us-east:a/8c385990c2984949843fbb40ff609698:61413333-fa43-4778-a006-83a6704b307e::,us-east,job,2026-06-17T15:57:46.450Z,2026-06-17T15:57:51.431Z,ibm_fez,3,oja moran,,8c385990c2984949843fbb40ff609698
d8pc7smab0ds73dot0d0,completed,crn:v1:bluemix:public:quantum-computing:us-east:a/8c385990c2984949843fbb40ff609698:61413333-fa43-4778-a006-83a6704b307e::,us-east,job,2026-06-17T15:57:38.821Z,2026-06-17T15:57:44.557Z,ibm_fez,3,oja moran,,8c385990c2984949843fbb40ff609698
d8pc7qq01fac73d1h5o0,completed,crn:v1:bluemix:public:quantum-computing:us-east:a/8c385990c2984949843fbb40ff609698:61413333-fa43-4778-a006-83a6704b307e::,us-east,job,2026-06-17T15:57:31.704Z,2026-06-17T15:57:36.757Z,ibm_fez,3,oja moran,,8c385990c2984949843fbb40ff609698
d8pc7p6ab0ds73dot07g,completed,crn:v1:bluemix:public:quantum-computing:us-east:a/8c385990c2984949843fbb40ff609698:61413333-fa43-4778-a006-83a6704b307e::,us-east,job,2026-06-17T15:57:24.842Z,2026-06-17T15:57:29.702Z,ibm_fez,3,oja moran,,8c385990c2984949843fbb40ff609698
d8pc7neab0ds73dot05g,completed,crn:v1:bluemix:public:quantum-computing:us-east:a/8c385990c2984949843fbb40ff609698:61413333-fa43-4778-a006-83a6704b307e::,us-east,job,2026-06-17T15:57:17.700Z,2026-06-17T15:57:22.996Z,ibm_fez,3,oja moran,,8c385990c2984949843fbb40ff609698
d8pc7la01fac73d1h5h0,completed,crn:v1:bluemix:public:quantum-computing:us-east:a/8c385990c2984949843fbb40ff609698:61413333-fa43-4778-a006-83a6704b307e::,us-east,job,2026-06-17T15:57:09.917Z,2026-06-17T15:57:15.402Z,ibm_fez,3,oja moran,,8c385990c2984949843fbb40ff609698
d8pc7jukodhs7381l6vg,completed,crn:v1:bluemix:public:quantum-computing:us-east:a/8c385990c2984949843fbb40ff609698:61413333-fa43-4778-a006-83a6704b307e::,us-east,job,2026-06-17T15:57:03.055Z,2026-06-17T15:57:08.268Z,ibm_fez,3,oja moran,,8c385990c2984949843fbb40ff609698
d8pc7hukodhs7381l6sg,completed,crn:v1:bluemix:public:quantum-computing:us-east:a/8c385990c2984949843fbb40ff609698:61413333-fa43-4778-a006-83a6704b307e::,us-east,job,2026-06-17T15:56:55.593Z,2026-06-17T15:57:00.812Z,ibm_fez,3,oja moran,,8c385990c2984949843fbb40ff609698
d8pc7fugbcrc73f1qt3g,completed,crn:v1:bluemix:public:quantum-computing:us-east:a/8c385990c2984949843fbb40ff609698:61413333-fa43-4778-a006-83a6704b307e::,us-east,job,2026-06-17T15:56:47.197Z,2026-06-17T15:56:53.443Z,ibm_fez,3,oja moran,,8c385990c2984949843fbb40ff609698
d8pbj7mkodhs7381kcag,completed,crn:v1:bluemix:public:quantum-computing:us-east:a/8c385990c2984949843fbb40ff609698:61413333-fa43-4778-a006-83a6704b307e::,us-east,job,2026-06-17T15:13:34.634Z,2026-06-17T15:13:45.365Z,ibm_fez,3,oja moran,,8c385990c2984949843fbb40ff609698
d8pbj5eab0ds73dos610,completed,crn:v1:bluemix:public:quantum-computing:us-east:a/8c385990c2984949843fbb40ff609698:61413333-fa43-4778-a006-83a6704b307e::,us-east,job,2026-06-17T15:13:25.107Z,2026-06-17T15:13:32.041Z,ibm_fez,3,oja moran,,8c385990c2984949843fbb40ff609698
d8pbj26ab0ds73dos5tg,completed,crn:v1:bluemix:public:quantum-computing:us-east:a/8c385990c2984949843fbb40ff609698:61413333-fa43-4778-a006-83a6704b307e::,us-east,job,2026-06-17T15:13:12.752Z,2026-06-17T15:13:22.403Z,ibm_fez,3,oja moran,,8c385990c2984949843fbb40ff609698
d8pbj06gbcrc73f1q1qg,completed,crn:v1:bluemix:public:quantum-computing:us-east:a/8c385990c2984949843fbb40ff609698:61413333-fa43-4778-a006-83a6704b307e::,us-east,job,2026-06-17T15:13:04.383Z,2026-06-17T15:13:09.966Z,ibm_fez,3,oja moran,,8c385990c2984949843fbb40ff609698
d8pbiti01fac73d1gas0,completed,crn:v1:bluemix:public:quantum-computing:us-east:a/8c385990c2984949843fbb40ff609698:61413333-fa43-4778-a006-83a6704b307e::,us-east,job,2026-06-17T15:12:54.504Z,2026-06-17T15:13:02.229Z,ibm_fez,3,oja moran,,8c385990c2984949843fbb40ff609698
d8pbiqi01fac73d1gan0,completed,crn:v1:bluemix:public:quantum-computing:us-east:a/8c385990c2984949843fbb40ff609698:61413333-fa43-4778-a006-83a6704b307e::,us-east,job,2026-06-17T15:12:42.568Z,2026-06-17T15:12:51.733Z,ibm_fez,3,oja moran,,8c385990c2984949843fbb40ff609698
d8pbigugbcrc73f1q170,completed,crn:v1:bluemix:public:quantum-computing:us-east:a/8c385990c2984949843fbb40ff609698:61413333-fa43-4778-a006-83a6704b307e::,us-east,job,2026-06-17T15:12:03.187Z,2026-06-17T15:12:40.166Z,ibm_fez,3,oja moran,,8c385990c2984949843fbb40ff609698
d8pbida01fac73d1ga70,completed,crn:v1:bluemix:public:quantum-computing:us-east:a/8c385990c2984949843fbb40ff609698:61413333-fa43-4778-a006-83a6704b307e::,us-east,job,2026-06-17T15:11:49.205Z,2026-06-17T15:12:01.099Z,ibm_fez,3,oja moran,,8c385990c2984949843fbb40ff609698
d8pbi7mab0ds73dos4ug,completed,crn:v1:bluemix:public:quantum-computing:us-east:a/8c385990c2984949843fbb40ff609698:61413333-fa43-4778-a006-83a6704b307e::,us-east,job,2026-06-17T15:11:26.314Z,2026-06-17T15:11:46.719Z,ibm_fez,3,oja moran,,8c385990c2984949843fbb40ff609698
d8pbemukodhs7381k3fg,completed,crn:v1:bluemix:public:quantum-computing:us-east:a/8c385990c2984949843fbb40ff609698:61413333-fa43-4778-a006-83a6704b307e::,us-east,job,2026-06-17T15:03:56.166Z,2026-06-17T15:11:24.318Z,ibm_fez,3,oja moran,,8c385990c2984949843fbb40ff609698
d8p7q1i9m3dc738pgnjg,completed,crn:v1:bluemix:public:quantum-computing:us-east:a/8c385990c2984949843fbb40ff609698:61413333-fa43-4778-a006-83a6704b307e::,us-east,job,2026-06-17T10:55:02.405Z,2026-06-17T10:55:08.951Z,ibm_fez,3,oja moran,,8c385990c2984949843fbb40ff609698
d8p7puq9m3dc738pgng0,completed,crn:v1:bluemix:public:quantum-computing:us-east:a/8c385990c2984949843fbb40ff609698:61413333-fa43-4778-a006-83a6704b307e::,us-east,job,2026-06-17T10:54:51.217Z,2026-06-17T10:55:00.737Z,ibm_fez,3,oja moran,,8c385990c2984949843fbb40ff609698
d8p7oaehm1is739n4te0,completed,crn:v1:bluemix:public:quantum-computing:us-east:a/8c385990c2984949843fbb40ff609698:61413333-fa43-4778-a006-83a6704b307e::,us-east,job,2026-06-17T10:51:21.982Z,2026-06-17T10:54:49.553Z,ibm_fez,3,oja moran,,8c385990c2984949843fbb40ff609698
d8p7o7u8aqlc73ehdrn0,completed,crn:v1:bluemix:public:quantum-computing:us-east:a/8c385990c2984949843fbb40ff609698:61413333-fa43-4778-a006-83a6704b307e::,us-east,job,2026-06-17T10:51:12.016Z,2026-06-17T10:51:19.940Z,ibm_fez,3,oja moran,,8c385990c2984949843fbb40ff609698
d8p7o3q9m3dc738pglg0,completed,crn:v1:bluemix:public:quantum-computing:us-east:a/8c385990c2984949843fbb40ff609698:61413333-fa43-4778-a006-83a6704b307e::,us-east,job,2026-06-17T10:50:55.147Z,2026-06-17T10:51:10.407Z,ibm_fez,3,oja moran,,8c385990c2984949843fbb40ff609698
d8p7o10q90bc73e7dtog,completed,crn:v1:bluemix:public:quantum-computing:us-east:a/8c385990c2984949843fbb40ff609698:61413333-fa43-4778-a006-83a6704b307e::,us-east,job,2026-06-17T10:50:44.708Z,2026-06-17T10:50:53.526Z,ibm_fez,3,oja moran,,8c385990c2984949843fbb40ff609698
d8p7nu29m3dc738pgl80,completed,crn:v1:bluemix:public:quantum-computing:us-east:a/8c385990c2984949843fbb40ff609698:61413333-fa43-4778-a006-83a6704b307e::,us-east,job,2026-06-17T10:50:32.454Z,2026-06-17T10:50:42.850Z,ibm_fez,3,oja moran,,8c385990c2984949843fbb40ff609698
d8p7nr8q90bc73e7dthg,completed,crn:v1:bluemix:public:quantum-computing:us-east:a/8c385990c2984949843fbb40ff609698:61413333-fa43-4778-a006-83a6704b307e::,us-east,job,2026-06-17T10:50:21.247Z,2026-06-17T10:50:30.673Z,ibm_fez,3,oja moran,,8c385990c2984949843fbb40ff609698
d8p7no8q90bc73e7dte0,completed,crn:v1:bluemix:public:quantum-computing:us-east:a/8c385990c2984949843fbb40ff609698:61413333-fa43-4778-a006-83a6704b307e::,us-east,job,2026-06-17T10:50:09.709Z,2026-06-17T10:50:19.461Z,ibm_fez,3,oja moran,,8c385990c2984949843fbb40ff609698
d8p7nke8aqlc73ehdqu0,completed,crn:v1:bluemix:public:quantum-computing:us-east:a/8c385990c2984949843fbb40ff609698:61413333-fa43-4778-a006-83a6704b307e::,us-east,job,2026-06-17T10:49:54.025Z,2026-06-17T10:50:08.089Z,ibm_fez,3,oja moran,,8c385990c2984949843fbb40ff609698
d8p7lq8q90bc73e7drf0,completed,crn:v1:bluemix:public:quantum-computing:us-east:a/8c385990c2984949843fbb40ff609698:61413333-fa43-4778-a006-83a6704b307e::,us-east,job,2026-06-17T10:46:01.270Z,2026-06-17T10:47:07.100Z,ibm_fez,3,oja moran,,8c385990c2984949843fbb40ff609698
d8p7lo29m3dc738pgiu0,completed,crn:v1:bluemix:public:quantum-computing:us-east:a/8c385990c2984949843fbb40ff609698:61413333-fa43-4778-a006-83a6704b307e::,us-east,job,2026-06-17T10:45:53.028Z,2026-06-17T10:45:59.466Z,ibm_fez,3,oja moran,,8c385990c2984949843fbb40ff609698
d8p7l1oq90bc73e7dqgg,completed,crn:v1:bluemix:public:quantum-computing:us-east:a/8c385990c2984949843fbb40ff609698:61413333-fa43-4778-a006-83a6704b307e::,us-east,job,2026-06-17T10:44:23.120Z,2026-06-17T10:45:51.730Z,ibm_fez,3,oja moran,,8c385990c2984949843fbb40ff609698
d8p7k5uhm1is739n4ojg,completed,crn:v1:bluemix:public:quantum-computing:us-east:a/8c385990c2984949843fbb40ff609698:61413333-fa43-4778-a006-83a6704b307e::,us-east,job,2026-06-17T10:42:31.997Z,2026-06-17T10:44:21.799Z,ibm_fez,3,oja moran,,8c385990c2984949843fbb40ff609698
d8p7k4a9m3dc738pgglg,completed,crn:v1:bluemix:public:quantum-computing:us-east:a/8c385990c2984949843fbb40ff609698:61413333-fa43-4778-a006-83a6704b307e::,us-east,job,2026-06-17T10:42:25.043Z,2026-06-17T10:42:30.305Z,ibm_fez,3,oja moran,,8c385990c2984949843fbb40ff609698
d8p7jj0q90bc73e7doi0,completed,crn:v1:bluemix:public:quantum-computing:us-east:a/8c385990c2984949843fbb40ff609698:61413333-fa43-4778-a006-83a6704b307e::,us-east,job,2026-06-17T10:41:16.780Z,2026-06-17T10:42:23.110Z,ibm_fez,3,oja moran,,8c385990c2984949843fbb40ff609698
d8p7jhm8aqlc73ehdlug,completed,crn:v1:bluemix:public:quantum-computing:us-east:a/8c385990c2984949843fbb40ff609698:61413333-fa43-4778-a006-83a6704b307e::,us-east,job,2026-06-17T10:41:10.230Z,2026-06-17T10:41:15.313Z,ibm_fez,3,oja moran,,8c385990c2984949843fbb40ff609698
d8p7j0q9m3dc738pgf10,completed,crn:v1:bluemix:public:quantum-computing:us-east:a/8c385990c2984949843fbb40ff609698:61413333-fa43-4778-a006-83a6704b307e::,us-east,job,2026-06-17T10:40:03.358Z,2026-06-17T10:41:08.068Z,ibm_fez,3,oja moran,,8c385990c2984949843fbb40ff609698
d8p7iuuhm1is739n4mj0,completed,crn:v1:bluemix:public:quantum-computing:us-east:a/8c385990c2984949843fbb40ff609698:61413333-fa43-4778-a006-83a6704b307e::,us-east,job,2026-06-17T10:39:55.286Z,2026-06-17T10:40:01.508Z,ibm_fez,3,oja moran,,8c385990c2984949843fbb40ff609698
d8p7ieu8aqlc73ehdk30,completed,crn:v1:bluemix:public:quantum-computing:us-east:a/8c385990c2984949843fbb40ff609698:61413333-fa43-4778-a006-83a6704b307e::,us-east,job,2026-06-17T10:38:52.025Z,2026-06-17T10:39:53.276Z,ibm_fez,3,oja moran,,8c385990c2984949843fbb40ff609698
d8p7h5u8aqlc73ehdilg,completed,crn:v1:bluemix:public:quantum-computing:us-east:a/8c385990c2984949843fbb40ff609698:61413333-fa43-4778-a006-83a6704b307e::,us-east,job,2026-06-17T10:36:07.322Z,2026-06-17T10:36:12.931Z,ibm_fez,3,oja moran,,8c385990c2984949843fbb40ff609698
d8p7gle8aqlc73ehdi50,completed,crn:v1:bluemix:public:quantum-computing:us-east:a/8c385990c2984949843fbb40ff609698:61413333-fa43-4778-a006-83a6704b307e::,us-east,job,2026-06-17T10:35:01.200Z,2026-06-17T10:36:05.839Z,ibm_fez,3,oja moran,,8c385990c2984949843fbb40ff609698
d8p7gji9m3dc738pgc60,completed,crn:v1:bluemix:public:quantum-computing:us-east:a/8c385990c2984949843fbb40ff609698:61413333-fa43-4778-a006-83a6704b307e::,us-east,job,2026-06-17T10:34:54.386Z,2026-06-17T10:34:59.395Z,ibm_fez,3,oja moran,,8c385990c2984949843fbb40ff609698
d8p7ghuhm1is739n4jsg,completed,crn:v1:bluemix:public:quantum-computing:us-east:a/8c385990c2984949843fbb40ff609698:61413333-fa43-4778-a006-83a6704b307e::,us-east,job,2026-06-17T10:34:47.566Z,2026-06-17T10:34:53.027Z,ibm_fez,3,oja moran,,8c385990c2984949843fbb40ff609698
d8p7gg29m3dc738pgc2g,completed,crn:v1:bluemix:public:quantum-computing:us-east:a/8c385990c2984949843fbb40ff609698:61413333-fa43-4778-a006-83a6704b307e::,us-east,job,2026-06-17T10:34:40.873Z,2026-06-17T10:34:46.140Z,ibm_fez,3,oja moran,,8c385990c2984949843fbb40ff609698
d8p7gemhm1is739n4jn0,completed,crn:v1:bluemix:public:quantum-computing:us-east:a/8c385990c2984949843fbb40ff609698:61413333-fa43-4778-a006-83a6704b307e::,us-east,job,2026-06-17T10:34:34.130Z,2026-06-17T10:34:39.424Z,ibm_fez,3,oja moran,,8c385990c2984949843fbb40ff609698
d8p7gcmhm1is739n4jl0,completed,crn:v1:bluemix:public:quantum-computing:us-east:a/8c385990c2984949843fbb40ff609698:61413333-fa43-4778-a006-83a6704b307e::,us-east,job,2026-06-17T10:34:26.757Z,2026-06-17T10:34:32.399Z,ibm_fez,3,oja moran,,8c385990c2984949843fbb40ff609698
d8p7gauhm1is739n4ji0,completed,crn:v1:bluemix:public:quantum-computing:us-east:a/8c385990c2984949843fbb40ff609698:61413333-fa43-4778-a006-83a6704b307e::,us-east,job,2026-06-17T10:34:19.796Z,2026-06-17T10:34:25.011Z,ibm_fez,3,oja moran,,8c385990c2984949843fbb40ff609698
d8p7g96hm1is739n4jeg,completed,crn:v1:bluemix:public:quantum-computing:us-east:a/8c385990c2984949843fbb40ff609698:61413333-fa43-4778-a006-83a6704b307e::,us-east,job,2026-06-17T10:34:12.918Z,2026-06-17T10:34:18.070Z,ibm_fez,3,oja moran,,8c385990c2984949843fbb40ff609698
d8p7g78q90bc73e7dkhg,completed,crn:v1:bluemix:public:quantum-computing:us-east:a/8c385990c2984949843fbb40ff609698:61413333-fa43-4778-a006-83a6704b307e::,us-east,job,2026-06-17T10:34:05.736Z,2026-06-17T10:34:11.081Z,ibm_fez,3,oja moran,,8c385990c2984949843fbb40ff609698
d8p7f2ehm1is739n4htg,completed,crn:v1:bluemix:public:quantum-computing:us-east:a/8c385990c2984949843fbb40ff609698:61413333-fa43-4778-a006-83a6704b307e::,us-east,job,2026-06-17T10:31:37.945Z,2026-06-17T10:31:42.841Z,ibm_fez,3,oja moran,,8c385990c2984949843fbb40ff609698
d8p7f0oq90bc73e7dj6g,completed,crn:v1:bluemix:public:quantum-computing:us-east:a/8c385990c2984949843fbb40ff609698:61413333-fa43-4778-a006-83a6704b307e::,us-east,job,2026-06-17T10:31:31.332Z,2026-06-17T10:31:36.234Z,ibm_fez,3,oja moran,,8c385990c2984949843fbb40ff609698
d8p7ev6hm1is739n4hp0,completed,crn:v1:bluemix:public:quantum-computing:us-east:a/8c385990c2984949843fbb40ff609698:61413333-fa43-4778-a006-83a6704b307e::,us-east,job,2026-06-17T10:31:24.521Z,2026-06-17T10:31:29.849Z,ibm_fez,3,oja moran,,8c385990c2984949843fbb40ff609698
d8p7eta9m3dc738pgab0,completed,crn:v1:bluemix:public:quantum-computing:us-east:a/8c385990c2984949843fbb40ff609698:61413333-fa43-4778-a006-83a6704b307e::,us-east,job,2026-06-17T10:31:17.075Z,2026-06-17T10:31:22.772Z,ibm_fez,3,oja moran,,8c385990c2984949843fbb40ff609698
d8p7ere8aqlc73ehdfr0,completed,crn:v1:bluemix:public:quantum-computing:us-east:a/8c385990c2984949843fbb40ff609698:61413333-fa43-4778-a006-83a6704b307e::,us-east,job,2026-06-17T10:31:09.765Z,2026-06-17T10:31:15.184Z,ibm_fez,3,oja moran,,8c385990c2984949843fbb40ff609698
d8p7epm8aqlc73ehdfog,completed,crn:v1:bluemix:public:quantum-computing:us-east:a/8c385990c2984949843fbb40ff609698:61413333-fa43-4778-a006-83a6704b307e::,us-east,job,2026-06-17T10:31:02.347Z,2026-06-17T10:31:07.505Z,ibm_fez,3,oja moran,,8c385990c2984949843fbb40ff609698
d8p7enuhm1is739n4hf0,completed,crn:v1:bluemix:public:quantum-computing:us-east:a/8c385990c2984949843fbb40ff609698:61413333-fa43-4778-a006-83a6704b307e::,us-east,job,2026-06-17T10:30:55.670Z,2026-06-17T10:31:00.567Z,ibm_fez,3,oja moran,,8c385990c2984949843fbb40ff609698
d8p7em6hm1is739n4hb0,completed,crn:v1:bluemix:public:quantum-computing:us-east:a/8c385990c2984949843fbb40ff609698:61413333-fa43-4778-a006-83a6704b307e::,us-east,job,2026-06-17T10:30:48.889Z,2026-06-17T10:30:53.893Z,ibm_fez,3,oja moran,,8c385990c2984949843fbb40ff609698
d8p7ekehm1is739n4h8g,completed,crn:v1:bluemix:public:quantum-computing:us-east:a/8c385990c2984949843fbb40ff609698:61413333-fa43-4778-a006-83a6704b307e::,us-east,job,2026-06-17T10:30:41.620Z,2026-06-17T10:30:47.149Z,ibm_fez,3,oja moran,,8c385990c2984949843fbb40ff609698
d8p7eii9m3dc738pg9s0,completed,crn:v1:bluemix:public:quantum-computing:us-east:a/8c385990c2984949843fbb40ff609698:61413333-fa43-4778-a006-83a6704b307e::,us-east,job,2026-06-17T10:30:34.298Z,2026-06-17T10:30:40.004Z,ibm_fez,3,oja moran,,8c385990c2984949843fbb40ff609698
d8p7c1uhm1is739n4di0,completed,crn:v1:bluemix:public:quantum-computing:us-east:a/8c385990c2984949843fbb40ff609698:61413333-fa43-4778-a006-83a6704b307e::,us-east,job,2026-06-17T10:25:11.181Z,2026-06-17T10:27:13.380Z,ibm_fez,3,oja moran,,8c385990c2984949843fbb40ff609698
d8p7c1a9m3dc738pg6g0,completed,crn:v1:bluemix:public:quantum-computing:us-east:a/8c385990c2984949843fbb40ff609698:61413333-fa43-4778-a006-83a6704b307e::,us-east,job,2026-06-17T10:25:09.765Z,2026-06-17T10:26:16.172Z,ibm_fez,3,oja moran,,8c385990c2984949843fbb40ff609698
d8p7bm6hm1is739n4d2g,completed,crn:v1:bluemix:public:quantum-computing:us-east:a/8c385990c2984949843fbb40ff609698:61413333-fa43-4778-a006-83a6704b307e::,us-east,job,2026-06-17T10:24:24.208Z,2026-06-17T10:25:09.472Z,ibm_fez,3,oja moran,,8c385990c2984949843fbb40ff609698
d8p7blmhm1is739n4d1g,completed,crn:v1:bluemix:public:quantum-computing:us-east:a/8c385990c2984949843fbb40ff609698:61413333-fa43-4778-a006-83a6704b307e::,us-east,job,2026-06-17T10:24:22.569Z,2026-06-17T10:25:07.924Z,ibm_fez,3,oja moran,,8c385990c2984949843fbb40ff609698
d8p7bagq90bc73e7de20,completed,crn:v1:bluemix:public:quantum-computing:us-east:a/8c385990c2984949843fbb40ff609698:61413333-fa43-4778-a006-83a6704b307e::,us-east,job,2026-06-17T10:23:39.030Z,2026-06-17T10:24:22.143Z,ibm_fez,3,oja moran,,8c385990c2984949843fbb40ff609698
d8p7baehm1is739n4cgg,completed,crn:v1:bluemix:public:quantum-computing:us-east:a/8c385990c2984949843fbb40ff609698:61413333-fa43-4778-a006-83a6704b307e::,us-east,job,2026-06-17T10:23:37.750Z,2026-06-17T10:24:21.030Z,ibm_fez,3,oja moran,,8c385990c2984949843fbb40ff609698
d8p7b40q90bc73e7ddqg,completed,crn:v1:bluemix:public:quantum-computing:us-east:a/8c385990c2984949843fbb40ff609698:61413333-fa43-4778-a006-83a6704b307e::,us-east,job,2026-06-17T10:23:12.671Z,2026-06-17T10:23:36.861Z,ibm_fez,3,oja moran,,8c385990c2984949843fbb40ff609698
d8p7b3uhm1is739n4c80,completed,crn:v1:bluemix:public:quantum-computing:us-east:a/8c385990c2984949843fbb40ff609698:61413333-fa43-4778-a006-83a6704b307e::,us-east,job,2026-06-17T10:23:11.432Z,2026-06-17T10:23:35.521Z,ibm_fez,3,oja moran,,8c385990c2984949843fbb40ff609698
d8p7ati9m3dc738pg4vg,completed,crn:v1:bluemix:public:quantum-computing:us-east:a/8c385990c2984949843fbb40ff609698:61413333-fa43-4778-a006-83a6704b307e::,us-east,job,2026-06-17T10:22:46.300Z,2026-06-17T10:23:10.878Z,ibm_fez,3,oja moran,,8c385990c2984949843fbb40ff609698
d8p7ata9m3dc738pg4ug,completed,crn:v1:bluemix:public:quantum-computing:us-east:a/8c385990c2984949843fbb40ff609698:61413333-fa43-4778-a006-83a6704b307e::,us-east,job,2026-06-17T10:22:45.191Z,2026-06-17T10:23:09.676Z,ibm_fez,3,oja moran,,8c385990c2984949843fbb40ff609698
d8p7amuhm1is739n4bm0,completed,crn:v1:bluemix:public:quantum-computing:us-east:a/8c385990c2984949843fbb40ff609698:61413333-fa43-4778-a006-83a6704b307e::,us-east,job,2026-06-17T10:22:19.688Z,2026-06-17T10:22:44.559Z,ibm_fez,3,oja moran,,8c385990c2984949843fbb40ff609698
d8p7amgq90bc73e7ddc0,completed,crn:v1:bluemix:public:quantum-computing:us-east:a/8c385990c2984949843fbb40ff609698:61413333-fa43-4778-a006-83a6704b307e::,us-east,job,2026-06-17T10:22:18.655Z,2026-06-17T10:22:43.414Z,ibm_fez,3,oja moran,,8c385990c2984949843fbb40ff609698
d8p7abm8aqlc73ehd9l0,completed,crn:v1:bluemix:public:quantum-computing:us-east:a/8c385990c2984949843fbb40ff609698:61413333-fa43-4778-a006-83a6704b307e::,us-east,job,2026-06-17T10:21:34.898Z,2026-06-17T10:22:18.135Z,ibm_fez,3,oja moran,,8c385990c2984949843fbb40ff609698
d8p7aba9m3dc738pg4bg,completed,crn:v1:bluemix:public:quantum-computing:us-east:a/8c385990c2984949843fbb40ff609698:61413333-fa43-4778-a006-83a6704b307e::,us-east,job,2026-06-17T10:21:33.242Z,2026-06-17T10:22:16.942Z,ibm_fez,3,oja moran,,8c385990c2984949843fbb40ff609698
d8p7a029m3dc738pg3sg,completed,crn:v1:bluemix:public:quantum-computing:us-east:a/8c385990c2984949843fbb40ff609698:61413333-fa43-4778-a006-83a6704b307e::,us-east,job,2026-06-17T10:20:48.550Z,2026-06-17T10:21:32.632Z,ibm_fez,3,oja moran,,8c385990c2984949843fbb40ff609698
d8p79vi9m3dc738pg3rg,completed,crn:v1:bluemix:public:quantum-computing:us-east:a/8c385990c2984949843fbb40ff609698:61413333-fa43-4778-a006-83a6704b307e::,us-east,job,2026-06-17T10:20:46.604Z,2026-06-17T10:21:31.537Z,ibm_fez,3,oja moran,,8c385990c2984949843fbb40ff609698
d8p79joq90bc73e7dc50,completed,crn:v1:bluemix:public:quantum-computing:us-east:a/8c385990c2984949843fbb40ff609698:61413333-fa43-4778-a006-83a6704b307e::,us-east,job,2026-06-17T10:20:00.021Z,2026-06-17T10:20:46.219Z,ibm_fez,3,oja moran,,8c385990c2984949843fbb40ff609698
d8p79ji9m3dc738pg3f0,completed,crn:v1:bluemix:public:quantum-computing:us-east:a/8c385990c2984949843fbb40ff609698:61413333-fa43-4778-a006-83a6704b307e::,us-east,job,2026-06-17T10:19:58.264Z,2026-06-17T10:20:44.896Z,ibm_fez,3,oja moran,,8c385990c2984949843fbb40ff609698
d8p781ehm1is739n48sg,completed,crn:v1:bluemix:public:quantum-computing:us-east:a/8c385990c2984949843fbb40ff609698:61413333-fa43-4778-a006-83a6704b307e::,us-east,job,2026-06-17T10:16:37.611Z,2026-06-17T10:19:58.174Z,ibm_fez,3,oja moran,,8c385990c2984949843fbb40ff609698
d8p6dsgq90bc73e7ccvg,completed,crn:v1:bluemix:public:quantum-computing:us-east:a/8c385990c2984949843fbb40ff609698:61413333-fa43-4778-a006-83a6704b307e::,us-east,job,2026-06-17T09:20:50.926Z,2026-06-17T10:19:56.745Z,ibm_fez,3,oja moran,,8c385990c2984949843fbb40ff609698
d8p5ugoq90bc73e7bsm0,completed,crn:v1:bluemix:public:quantum-computing:us-east:a/8c385990c2984949843fbb40ff609698:61413333-fa43-4778-a006-83a6704b307e::,us-east,job,2026-06-17T08:48:03.701Z,2026-06-17T08:48:22.199Z,ibm_fez,3,oja moran,,8c385990c2984949843fbb40ff609698
d8p5ueoq90bc73e7bsig,completed,crn:v1:bluemix:public:quantum-computing:us-east:a/8c385990c2984949843fbb40ff609698:61413333-fa43-4778-a006-83a6704b307e::,us-east,job,2026-06-17T08:47:55.570Z,2026-06-17T08:48:01.438Z,ibm_fez,3,oja moran,,8c385990c2984949843fbb40ff609698
d8p5ua68aqlc73ehbo00,completed,crn:v1:bluemix:public:quantum-computing:us-east:a/8c385990c2984949843fbb40ff609698:61413333-fa43-4778-a006-83a6704b307e::,us-east,job,2026-06-17T08:47:36.841Z,2026-06-17T08:47:53.159Z,ibm_fez,3,oja moran,,8c385990c2984949843fbb40ff609698
d8p5u7q9m3dc738pejgg,completed,crn:v1:bluemix:public:quantum-computing:us-east:a/8c385990c2984949843fbb40ff609698:61413333-fa43-4778-a006-83a6704b307e::,us-east,job,2026-06-17T08:47:27.580Z,2026-06-17T08:47:34.942Z,ibm_fez,3,oja moran,,8c385990c2984949843fbb40ff609698
d8p5u2i9m3dc738pej7g,completed,crn:v1:bluemix:public:quantum-computing:us-east:a/8c385990c2984949843fbb40ff609698:61413333-fa43-4778-a006-83a6704b307e::,us-east,job,2026-06-17T08:47:06.179Z,2026-06-17T08:47:25.627Z,ibm_fez,3,oja moran,,8c385990c2984949843fbb40ff609698
d8p5u0mhm1is739n2pvg,completed,crn:v1:bluemix:public:quantum-computing:us-east:a/8c385990c2984949843fbb40ff609698:61413333-fa43-4778-a006-83a6704b307e::,us-east,job,2026-06-17T08:46:58.535Z,2026-06-17T08:47:03.844Z,ibm_fez,3,oja moran,,8c385990c2984949843fbb40ff609698
d8p5trq9m3dc738pej0g,completed,crn:v1:bluemix:public:quantum-computing:us-east:a/8c385990c2984949843fbb40ff609698:61413333-fa43-4778-a006-83a6704b307e::,us-east,job,2026-06-17T08:46:39.764Z,2026-06-17T08:46:56.335Z,ibm_fez,3,oja moran,,8c385990c2984949843fbb40ff609698
d8p5tpa9m3dc738peit0,completed,crn:v1:bluemix:public:quantum-computing:us-east:a/8c385990c2984949843fbb40ff609698:61413333-fa43-4778-a006-83a6704b307e::,us-east,job,2026-06-17T08:46:29.950Z,2026-06-17T08:46:37.893Z,ibm_fez,3,oja moran,,8c385990c2984949843fbb40ff609698
d8p5tk0q90bc73e7bri0,completed,crn:v1:bluemix:public:quantum-computing:us-east:a/8c385990c2984949843fbb40ff609698:61413333-fa43-4778-a006-83a6704b307e::,us-east,job,2026-06-17T08:46:08.853Z,2026-06-17T08:46:27.605Z,ibm_fez,3,oja moran,,8c385990c2984949843fbb40ff609698
d8p5ti6hm1is739n2pfg,completed,crn:v1:bluemix:public:quantum-computing:us-east:a/8c385990c2984949843fbb40ff609698:61413333-fa43-4778-a006-83a6704b307e::,us-east,job,2026-06-17T08:46:00.865Z,2026-06-17T08:46:06.340Z,ibm_fez,3,oja moran,,8c385990c2984949843fbb40ff609698
d8p5od8q90bc73e7bm40,completed,crn:v1:bluemix:public:quantum-computing:us-east:a/8c385990c2984949843fbb40ff609698:61413333-fa43-4778-a006-83a6704b307e::,us-east,job,2026-06-17T08:35:01.626Z,2026-06-17T08:35:07.774Z,ibm_fez,3,oja moran,,8c385990c2984949843fbb40ff609698
d8p5ob6hm1is739n2k30,completed,crn:v1:bluemix:public:quantum-computing:us-east:a/8c385990c2984949843fbb40ff609698:61413333-fa43-4778-a006-83a6704b307e::,us-east,job,2026-06-17T08:34:52.206Z,2026-06-17T08:34:59.268Z,ibm_fez,3,oja moran,,8c385990c2984949843fbb40ff609698
d8p5o7m8aqlc73ehbhm0,completed,crn:v1:bluemix:public:quantum-computing:us-east:a/8c385990c2984949843fbb40ff609698:61413333-fa43-4778-a006-83a6704b307e::,us-east,job,2026-06-17T08:34:38.909Z,2026-06-17T08:34:50.131Z,ibm_fez,3,oja moran,,8c385990c2984949843fbb40ff609698
d8p5o5uhm1is739n2jsg,completed,crn:v1:bluemix:public:quantum-computing:us-east:a/8c385990c2984949843fbb40ff609698:61413333-fa43-4778-a006-83a6704b307e::,us-east,job,2026-06-17T08:34:31.744Z,2026-06-17T08:34:36.549Z,ibm_fez,3,oja moran,,8c385990c2984949843fbb40ff609698
d8p5o40q90bc73e7blp0,completed,crn:v1:bluemix:public:quantum-computing:us-east:a/8c385990c2984949843fbb40ff609698:61413333-fa43-4778-a006-83a6704b307e::,us-east,job,2026-06-17T08:34:24.355Z,2026-06-17T08:34:29.675Z,ibm_fez,3,oja moran,,8c385990c2984949843fbb40ff609698
d8p5o1oq90bc73e7blm0,completed,crn:v1:bluemix:public:quantum-computing:us-east:a/8c385990c2984949843fbb40ff609698:61413333-fa43-4778-a006-83a6704b307e::,us-east,job,2026-06-17T08:34:15.174Z,2026-06-17T08:34:22.296Z,ibm_fez,3,oja moran,,8c385990c2984949843fbb40ff609698
d8p5ntmhm1is739n2jj0,completed,crn:v1:bluemix:public:quantum-computing:us-east:a/8c385990c2984949843fbb40ff609698:61413333-fa43-4778-a006-83a6704b307e::,us-east,job,2026-06-17T08:33:59.050Z,2026-06-17T08:34:13.217Z,ibm_fez,3,oja moran,,8c385990c2984949843fbb40ff609698
d8p5nrmhm1is739n2jg0,completed,crn:v1:bluemix:public:quantum-computing:us-east:a/8c385990c2984949843fbb40ff609698:61413333-fa43-4778-a006-83a6704b307e::,us-east,job,2026-06-17T08:33:51.074Z,2026-06-17T08:33:56.931Z,ibm_fez,3,oja moran,,8c385990c2984949843fbb40ff609698
d8p5npu8aqlc73ehbh6g,completed,crn:v1:bluemix:public:quantum-computing:us-east:a/8c385990c2984949843fbb40ff609698:61413333-fa43-4778-a006-83a6704b307e::,us-east,job,2026-06-17T08:33:43.467Z,2026-06-17T08:33:49.142Z,ibm_fez,3,oja moran,,8c385990c2984949843fbb40ff609698
d8p5lcm8aqlc73ehbee0,completed,crn:v1:bluemix:public:quantum-computing:us-east:a/8c385990c2984949843fbb40ff609698:61413333-fa43-4778-a006-83a6704b307e::,us-east,job,2026-06-17T08:28:34.734Z,2026-06-17T08:33:40.728Z,ibm_fez,3,oja moran,,8c385990c2984949843fbb40ff609698
d8p4mfuhm1is739n1bi0,completed,crn:v1:bluemix:public:quantum-computing:us-east:a/8c385990c2984949843fbb40ff609698:61413333-fa43-4778-a006-83a6704b307e::,us-east,job,2026-06-17T07:22:39.533Z,2026-06-17T07:22:44.450Z,ibm_fez,3,oja moran,,8c385990c2984949843fbb40ff609698
d8p4mdoq90bc73e7adl0,completed,crn:v1:bluemix:public:quantum-computing:us-east:a/8c385990c2984949843fbb40ff609698:61413333-fa43-4778-a006-83a6704b307e::,us-east,job,2026-06-17T07:22:31.604Z,2026-06-17T07:22:36.723Z,ibm_fez,3,oja moran,,8c385990c2984949843fbb40ff609698
d8p4mbuhm1is739n1be0,completed,crn:v1:bluemix:public:quantum-computing:us-east:a/8c385990c2984949843fbb40ff609698:61413333-fa43-4778-a006-83a6704b307e::,us-east,job,2026-06-17T07:22:24.117Z,2026-06-17T07:22:29.043Z,ibm_fez,3,oja moran,,8c385990c2984949843fbb40ff609698
d8p4m9uhm1is739n1bbg,completed,crn:v1:bluemix:public:quantum-computing:us-east:a/8c385990c2984949843fbb40ff609698:61413333-fa43-4778-a006-83a6704b307e::,us-east,job,2026-06-17T07:22:15.920Z,2026-06-17T07:22:21.663Z,ibm_fez,3,oja moran,,8c385990c2984949843fbb40ff609698
d8p4m86hm1is739n1b90,completed,crn:v1:bluemix:public:quantum-computing:us-east:a/8c385990c2984949843fbb40ff609698:61413333-fa43-4778-a006-83a6704b307e::,us-east,job,2026-06-17T07:22:08.546Z,2026-06-17T07:22:13.378Z,ibm_fez,3,oja moran,,8c385990c2984949843fbb40ff609698
d8p4m629m3dc738pd4p0,completed,crn:v1:bluemix:public:quantum-computing:us-east:a/8c385990c2984949843fbb40ff609698:61413333-fa43-4778-a006-83a6704b307e::,us-east,job,2026-06-17T07:22:00.598Z,2026-06-17T07:22:06.168Z,ibm_fez,3,oja moran,,8c385990c2984949843fbb40ff609698
d8p4m3uhm1is739n1b3g,completed,crn:v1:bluemix:public:quantum-computing:us-east:a/8c385990c2984949843fbb40ff609698:61413333-fa43-4778-a006-83a6704b307e::,us-east,job,2026-06-17T07:21:51.928Z,2026-06-17T07:21:57.799Z,ibm_fez,3,oja moran,,8c385990c2984949843fbb40ff609698
d8p4m1u8aqlc73eha9l0,completed,crn:v1:bluemix:public:quantum-computing:us-east:a/8c385990c2984949843fbb40ff609698:61413333-fa43-4778-a006-83a6704b307e::,us-east,job,2026-06-17T07:21:43.603Z,2026-06-17T07:21:49.500Z,ibm_fez,3,oja moran,,8c385990c2984949843fbb40ff609698
d8p4lvq9m3dc738pd4hg,completed,crn:v1:bluemix:public:quantum-computing:us-east:a/8c385990c2984949843fbb40ff609698:61413333-fa43-4778-a006-83a6704b307e::,us-east,job,2026-06-17T07:21:35.300Z,2026-06-17T07:21:41.128Z,ibm_fez,3,oja moran,,8c385990c2984949843fbb40ff609698
d8p4kvu8aqlc73eha8g0,completed,crn:v1:bluemix:public:quantum-computing:us-east:a/8c385990c2984949843fbb40ff609698:61413333-fa43-4778-a006-83a6704b307e::,us-east,job,2026-06-17T07:19:27.672Z,2026-06-17T07:21:32.635Z,ibm_fez,3,oja moran,,8c385990c2984949843fbb40ff609698
d8otcc6hm1is739moiv0,completed,crn:v1:bluemix:public:quantum-computing:us-east:a/8c385990c2984949843fbb40ff609698:61413333-fa43-4778-a006-83a6704b307e::,us-east,job,2026-06-16T23:03:13.044Z,2026-06-16T23:03:18.227Z,ibm_fez,2,oja moran,,8c385990c2984949843fbb40ff609698
d8ot19mhm1is739mo6sg,completed,crn:v1:bluemix:public:quantum-computing:us-east:a/8c385990c2984949843fbb40ff609698:61413333-fa43-4778-a006-83a6704b307e::,us-east,job,2026-06-16T22:39:34.979Z,2026-06-16T22:39:42.316Z,ibm_fez,2,oja moran,,8c385990c2984949843fbb40ff609698
d8os9168aqlc73eh01u0,completed,crn:v1:bluemix:public:quantum-computing:us-east:a/8c385990c2984949843fbb40ff609698:61413333-fa43-4778-a006-83a6704b307e::,us-east,job,2026-06-16T21:47:48.667Z,2026-06-16T22:07:36.668Z,ibm_fez,2,oja moran,,8c385990c2984949843fbb40ff609698
d8oroqgq90bc73e6vjn0,completed,crn:v1:bluemix:public:quantum-computing:us-east:a/8c385990c2984949843fbb40ff609698:61413333-fa43-4778-a006-83a6704b307e::,us-east,job,2026-06-16T21:13:14.404Z,2026-06-16T21:13:20.752Z,ibm_fez,2,oja moran,,8c385990c2984949843fbb40ff609698
d8oqfcoq90bc73e6u3mg,completed,crn:v1:bluemix:public:quantum-computing:us-east:a/8c385990c2984949843fbb40ff609698:61413333-fa43-4778-a006-83a6704b307e::,us-east,job,2026-06-16T19:44:51.498Z,2026-06-16T20:24:32.454Z,ibm_fez,2,oja moran,,8c385990c2984949843fbb40ff609698
d8oq6l8q90bc73e6top0,completed,crn:v1:bluemix:public:quantum-computing:us-east:a/8c385990c2984949843fbb40ff609698:61413333-fa43-4778-a006-83a6704b307e::,us-east,job,2026-06-16T19:26:13.876Z,2026-06-16T20:24:31.350Z,ibm_fez,2,oja moran,,8c385990c2984949843fbb40ff609698
d8oouduhm1is739mj1pg,completed,crn:v1:bluemix:public:quantum-computing:us-east:a/8c385990c2984949843fbb40ff609698:61413333-fa43-4778-a006-83a6704b307e::,us-east,job,2026-06-16T18:00:23.875Z,2026-06-16T20:24:30.298Z,ibm_fez,2,oja moran,,8c385990c2984949843fbb40ff609698
d8onbqa9m3dc738osjkg,failed,crn:v1:bluemix:public:quantum-computing:us-east:a/8c385990c2984949843fbb40ff609698:61413333-fa43-4778-a006-83a6704b307e::,us-east,job,2026-06-16T16:12:25.307Z,2026-06-16T16:28:48.944Z,ibm_fez,0,oja moran,,8c385990c2984949843fbb40ff609698
d8o39s032u0s73fd60r0,completed,crn:v1:bluemix:public:quantum-computing:us-east:a/8c385990c2984949843fbb40ff609698:61413333-fa43-4778-a006-83a6704b307e::,us-east,job,2026-06-15T17:22:56.318Z,2026-06-15T17:27:36.568Z,ibm_fez,59,oja moran,,8c385990c2984949843fbb40ff609698
d8o398bqv2lc7389ifjg,completed,crn:v1:bluemix:public:quantum-computing:us-east:a/8c385990c2984949843fbb40ff609698:61413333-fa43-4778-a006-83a6704b307e::,us-east,job,2026-06-15T17:21:38.141Z,2026-06-15T17:22:51.205Z,ibm_fez,59,oja moran,,8c385990c2984949843fbb40ff609698
d8o394bqv2lc7389if80,completed,crn:v1:bluemix:public:quantum-computing:us-east:a/8c385990c2984949843fbb40ff609698:61413333-fa43-4778-a006-83a6704b307e::,us-east,job,2026-06-15T17:21:21.680Z,2026-06-15T17:21:32.981Z,ibm_fez,3,oja moran,,8c385990c2984949843fbb40ff609698
